datetime,date,store_name,rnm,transaction_type,product,is_return,qty,revenue,customer_name,online,discount_amount,order_number,is_topping
2026-03-23T17:42:26.094Z,2026-03-23,ОЗМОЛЛ,7385440900064685,Card,Блинчики с нутеллой (2шт),false,1,250,,false,0,9699,false
2026-03-23T17:42:26.094Z,2026-03-23,ОЗМОЛЛ,7385440900064685,Card,Блинчики с нутеллой (2шт),false,1,250,,false,0,9699,false
2026-03-23T16:51:39.083Z,2026-03-23,ОЗМОЛЛ,7385440900064685,Card,Соник лимонад (шарики не включены),false,1,350,,false,0,9698,false
2026-03-23T15:30:22.839Z,2026-03-23,ОЗМОЛЛ,7385440900064685,Unknown,Списание- Тапиока 50 гр,false,5,0,списание,false,3000,9696,false
2026-03-23T15:29:24.040Z,2026-03-23,ОЗМОЛЛ,7385440900064685,Cash,Списание- Тапиока 50 гр,true,-5,-3000,,false,0,9695,false
2026-03-23T15:27:40.550Z,2026-03-23,ОЗМОЛЛ,7385440900064685,Cash,Списание- Тапиока 50 гр,false,5,3000,,false,0,9693,false
2026-03-23T15:04:16.648Z,2026-03-23,ОЗМОЛЛ,7385440900064685,Card,Чжун Ли шоколадный Коктейль (шарики не включены),false,1,400,,false,0,9692,false
2026-03-23T15:04:16.648Z,2026-03-23,ОЗМОЛЛ,7385440900064685,Card,Порция тапиоки,false,1,40,,false,0,9692,true
2026-03-23T14:02:29.905Z,2026-03-23,ОЗМОЛЛ,7385440900064685,Cash,Капучино (шарики не включены),false,1,250,,false,0,9691,false
2026-03-23T12:50:08.618Z,2026-03-23,ОЗМОЛЛ,7385440900064685,Card,Капучино (шарики не включены),false,2,500,,false,0,9690,false
2026-03-23T12:49:17.588Z,2026-03-23,ОЗМОЛЛ,7385440900064685,Card,Американо (шарики не включены),false,1,150,,false,0,9689,false
2026-03-22T21:44:59.619Z,2026-03-22,ОЗМОЛЛ,7385440900064685,Unknown,Списание- Тапиока 50 гр,false,10,0,Списание,false,6000,9686,false
2026-03-22T21:44:59.619Z,2026-03-22,ОЗМОЛЛ,7385440900064685,Unknown,Списание- Чай жасмин 100мл,false,6,0,Списание,false,36,9686,false
2026-03-22T21:44:59.619Z,2026-03-22,ОЗМОЛЛ,7385440900064685,Unknown,Списание- Чай Ричард 100мл,false,8,0,Списание,false,32,9686,false
2026-03-22T21:32:57.538Z,2026-03-22,ОЗМОЛЛ,7385440900064685,Card,Манго Танго Лимонад (шарики не включены),false,1,400,,false,0,9685,false
2026-03-22T21:32:57.538Z,2026-03-22,ОЗМОЛЛ,7385440900064685,Card,Порция джус боллов (не тапиока),false,1,40,,false,0,9685,true
2026-03-22T21:32:57.538Z,2026-03-22,ОЗМОЛЛ,7385440900064685,Card,Куроми Коктейль (шарики не включены),false,1,450,,false,0,9685,false
2026-03-22T21:07:46.007Z,2026-03-22,ОЗМОЛЛ,7385440900064685,Cash,Корн-дог 50/50,false,1,400,,false,0,9683,false
2026-03-22T21:07:46.007Z,2026-03-22,ОЗМОЛЛ,7385440900064685,Cash,Корн-дог 50/50,false,1,400,,false,0,9683,false
2026-03-22T20:33:00.293Z,2026-03-22,ОЗМОЛЛ,7385440900064685,Unknown,Списание- Тапиока 50 гр,false,2,0,Списание,false,1200,9682,false
2026-03-22T19:17:21.575Z,2026-03-22,ОЗМОЛЛ,7385440900064685,Card,Лазурная бухта лимонад (шарики не включены),false,1,350,,false,0,9681,false
2026-03-22T19:17:21.575Z,2026-03-22,ОЗМОЛЛ,7385440900064685,Card,Порция джус боллов (не тапиока),false,1,40,,false,0,9681,true
2026-03-22T19:06:20.430Z,2026-03-22,ОЗМОЛЛ,7385440900064685,Cash,Корн-дог 50/50,false,1,400,,false,0,9679,false
2026-03-22T19:06:20.430Z,2026-03-22,ОЗМОЛЛ,7385440900064685,Cash,Малина-банан Коктейль (шарики не включены),false,1,320,,false,0,9679,false
2026-03-22T19:06:20.430Z,2026-03-22,ОЗМОЛЛ,7385440900064685,Cash,Порция тапиоки,false,1,40,,false,0,9679,true
2026-03-22T18:03:03.827Z,2026-03-22,ОЗМОЛЛ,7385440900064685,Card,Малина-банан Коктейль (шарики не включены),false,1,320,,false,0,9677,false
2026-03-22T18:03:03.827Z,2026-03-22,ОЗМОЛЛ,7385440900064685,Card,Порция тапиоки,false,1,40,,false,0,9677,true
2026-03-22T17:28:20.639Z,2026-03-22,ОЗМОЛЛ,7385440900064685,Card,Вишневая кислинка Лимонад (шарики не включены),false,1,350,,false,0,9676,false
2026-03-22T17:28:20.639Z,2026-03-22,ОЗМОЛЛ,7385440900064685,Card,Порция джус боллов (не тапиока),false,1,40,,false,0,9676,true
2026-03-22T16:48:34.983Z,2026-03-22,ОЗМОЛЛ,7385440900064685,Unknown,Списание- Тапиока 50 гр,false,2,0,Списание,false,1200,9675,false
2026-03-22T16:00:45.431Z,2026-03-22,ОЗМОЛЛ,7385440900064685,Cash,Лазурная бухта лимонад (шарики не включены),false,1,350,,false,0,9674,false
2026-03-22T16:00:45.431Z,2026-03-22,ОЗМОЛЛ,7385440900064685,Cash,Порция джус боллов (не тапиока),false,1,40,,false,0,9674,true
2026-03-22T15:52:01.136Z,2026-03-22,ОЗМОЛЛ,7385440900064685,Card,Куроми Коктейль (шарики не включены),false,1,450,,false,0,9673,false
2026-03-22T15:24:29.946Z,2026-03-22,ОЗМОЛЛ,7385440900064685,Card,Айс Латте Соленая Карамель (шарики не включены),false,1,320,,false,0,9671,false
2026-03-22T15:24:29.946Z,2026-03-22,ОЗМОЛЛ,7385440900064685,Card,Мармеладный мишка лимонад (шарики не включены),false,2,700,,false,0,9671,false
2026-03-22T15:24:29.946Z,2026-03-22,ОЗМОЛЛ,7385440900064685,Card,Порция джус боллов (не тапиока),false,2,80,,false,0,9671,true
2026-03-22T15:24:29.946Z,2026-03-22,ОЗМОЛЛ,7385440900064685,Card,Капучино (шарики не включены),false,1,250,,false,0,9671,false
2026-03-22T14:24:01.911Z,2026-03-22,ОЗМОЛЛ,7385440900064685,Card,Лазурная бухта лимонад (шарики не включены),false,1,350,,false,0,9670,false
2026-03-22T14:24:01.911Z,2026-03-22,ОЗМОЛЛ,7385440900064685,Card,Порция джус боллов (не тапиока),false,1,40,,false,0,9670,true
2026-03-22T14:04:03.930Z,2026-03-22,ОЗМОЛЛ,7385440900064685,Card,Корн-дог 50/50,false,1,400,,false,0,9669,false
2026-03-22T13:31:48.061Z,2026-03-22,ОЗМОЛЛ,7385440900064685,Unknown,Корн-дог 50/50,false,1,0,Еда П.С.,false,400,9668,false
2026-03-22T13:16:31.096Z,2026-03-22,ОЗМОЛЛ,7385440900064685,Card,Малина-банан Коктейль (шарики не включены),false,1,320,,false,0,9667,false
2026-03-22T13:16:31.096Z,2026-03-22,ОЗМОЛЛ,7385440900064685,Card,Порция джус боллов (не тапиока),false,1,40,,false,0,9667,true
2026-03-22T13:16:31.096Z,2026-03-22,ОЗМОЛЛ,7385440900064685,Card,Корн-дог 50/50,false,1,400,,false,0,9667,false
2026-03-22T13:09:42.581Z,2026-03-22,ОЗМОЛЛ,7385440900064685,Card,Тигр карамельный Коктейль (шарики не включены),false,1,320,,false,0,9666,false
2026-03-22T13:09:42.581Z,2026-03-22,ОЗМОЛЛ,7385440900064685,Card,Порция тапиоки,false,1,40,,false,0,9666,true
2026-03-22T13:00:42.697Z,2026-03-22,ОЗМОЛЛ,7385440900064685,Card,Тигр карамельный Коктейль (шарики не включены),false,1,320,,false,0,9665,false
2026-03-22T13:00:42.697Z,2026-03-22,ОЗМОЛЛ,7385440900064685,Card,Порция тапиоки,false,1,40,,false,0,9665,true
2026-03-22T12:54:21.949Z,2026-03-22,ОЗМОЛЛ,7385440900064685,Card,Тигр карамельный Коктейль (шарики не включены),false,1,320,,false,0,9664,false
2026-03-22T12:54:21.949Z,2026-03-22,ОЗМОЛЛ,7385440900064685,Card,Порция тапиоки,false,1,40,,false,0,9664,true
2026-03-21T21:51:06.100Z,2026-03-21,ОЗМОЛЛ,7385440900064685,Unknown,Списание- Чай жасмин 100мл,false,8,0,Списание,false,48,9658,false
2026-03-21T21:51:06.100Z,2026-03-21,ОЗМОЛЛ,7385440900064685,Unknown,Списание- Чай Ричард 100мл,false,8,0,Списание,false,32,9658,false
2026-03-21T21:51:06.100Z,2026-03-21,ОЗМОЛЛ,7385440900064685,Unknown,Списание- Тапиока 50 гр,false,9,0,Списание,false,5400,9658,false
2026-03-21T18:30:18.954Z,2026-03-21,ОЗМОЛЛ,7385440900064685,Cash,Вишневая кислинка Лимонад (шарики не включены),false,1,350,,false,0,9657,false
2026-03-21T18:30:18.954Z,2026-03-21,ОЗМОЛЛ,7385440900064685,Cash,Порция джус боллов (не тапиока),false,1,40,,false,0,9657,true
2026-03-21T17:56:25.889Z,2026-03-21,ОЗМОЛЛ,7385440900064685,Card,Тигр карамельный Коктейль (шарики не включены),false,1,320,,false,0,9656,false
2026-03-21T17:56:25.889Z,2026-03-21,ОЗМОЛЛ,7385440900064685,Card,Порция тапиоки,false,1,40,,false,0,9656,true
2026-03-21T17:37:50.175Z,2026-03-21,ОЗМОЛЛ,7385440900064685,Cash,Раф кокос (шарики не включены),false,1,320,,false,0,9655,false
2026-03-21T17:29:07.011Z,2026-03-21,ОЗМОЛЛ,7385440900064685,Card,Корн-дог с сыром,false,1,350,,false,0,9654,false
2026-03-21T17:29:07.011Z,2026-03-21,ОЗМОЛЛ,7385440900064685,Card,Корн-дог с сыром,false,1,350,,false,0,9654,false
2026-03-21T17:06:54.662Z,2026-03-21,ОЗМОЛЛ,7385440900064685,Unknown,Списание- Тапиока 50 гр,false,12,0,Списание,false,7200,9653,false
2026-03-21T16:40:19.674Z,2026-03-21,ОЗМОЛЛ,7385440900064685,Cash,Корейский кофе (шарики не включены),false,1,350,,false,0,9652,false
2026-03-21T16:40:19.674Z,2026-03-21,ОЗМОЛЛ,7385440900064685,Cash,Порция тапиоки,false,1,40,,false,0,9652,true
2026-03-21T16:40:19.674Z,2026-03-21,ОЗМОЛЛ,7385440900064685,Cash,Манго кофе (шарики не включены),false,1,400,,false,0,9652,false
2026-03-21T16:40:19.674Z,2026-03-21,ОЗМОЛЛ,7385440900064685,Cash,Порция тапиоки,false,1,40,,false,0,9652,true
2026-03-21T15:52:32.677Z,2026-03-21,ОЗМОЛЛ,7385440900064685,Card,Пина Колада Лимонад (шарики не включены),false,1,320,,false,0,9650,false
2026-03-21T15:52:32.677Z,2026-03-21,ОЗМОЛЛ,7385440900064685,Card,Порция джус боллов (не тапиока),false,1,40,,false,0,9650,true
2026-03-21T15:52:32.677Z,2026-03-21,ОЗМОЛЛ,7385440900064685,Card,Лаймовое яблоко лимонад (шарики не включены),false,1,320,,false,0,9650,false
2026-03-21T15:52:32.677Z,2026-03-21,ОЗМОЛЛ,7385440900064685,Card,Порция джус боллов (не тапиока),false,1,40,,false,0,9650,true
2026-03-21T14:39:19.425Z,2026-03-21,ОЗМОЛЛ,7385440900064685,Card,Американо (шарики не включены),false,1,150,,false,0,9647,false
2026-03-21T14:36:03.221Z,2026-03-21,ОЗМОЛЛ,7385440900064685,Card,Чжун Ли шоколадный Коктейль (шарики не включены),false,2,800,,false,0,9646,false
2026-03-21T14:04:15.478Z,2026-03-21,ОЗМОЛЛ,7385440900064685,Card,Латте (шарики не включены),false,1,250,,false,0,9645,false
2026-03-21T14:04:15.478Z,2026-03-21,ОЗМОЛЛ,7385440900064685,Card,Американо (шарики не включены),false,1,150,,false,0,9645,false
2026-03-21T13:46:23.916Z,2026-03-21,ОЗМОЛЛ,7385440900064685,Card,Корн-дог с сыром,false,2,700,,false,0,9644,false
2026-03-21T13:13:33.690Z,2026-03-21,ОЗМОЛЛ,7385440900064685,Card,Корн-дог сосиска,false,1,350,,false,0,9643,false
2026-03-21T13:13:33.690Z,2026-03-21,ОЗМОЛЛ,7385440900064685,Card,Корн-дог сосиска,false,1,350,,false,0,9643,false
2026-03-21T13:13:33.690Z,2026-03-21,ОЗМОЛЛ,7385440900064685,Card,Крем Брюле Коктейль (шарики не включены),false,1,400,,false,0,9643,false
2026-03-21T13:13:33.690Z,2026-03-21,ОЗМОЛЛ,7385440900064685,Card,Порция джус боллов (не тапиока),false,1,40,,false,0,9643,true
2026-03-21T13:01:24.099Z,2026-03-21,ОЗМОЛЛ,7385440900064685,Card,Блинчики с орео (2шт),false,1,250,,false,0,9642,false
2026-03-21T11:42:46.932Z,2026-03-21,ОЗМОЛЛ,7385440900064685,Card,Малина-банан Коктейль (шарики не включены),false,1,320,,false,0,9641,false
2026-03-21T11:41:09.309Z,2026-03-21,ОЗМОЛЛ,7385440900064685,Card,Малина-банан Коктейль (шарики не включены),false,2,640,,false,0,9640,false
2026-03-21T11:41:09.309Z,2026-03-21,ОЗМОЛЛ,7385440900064685,Card,Моти Лесные ягоды,false,1,250,,false,0,9640,false
2026-03-21T11:33:14.537Z,2026-03-21,ОЗМОЛЛ,7385440900064685,Unknown,Корн-дог 50/50,false,1,0,Списание,false,400,9639,false
2026-03-21T11:24:42.626Z,2026-03-21,ОЗМОЛЛ,7385440900064685,Card,Корн-дог 50/50,false,1,400,,false,0,9638,false
2026-03-20T21:49:47.395Z,2026-03-20,ОЗМОЛЛ,7385440900064685,Unknown,Списание- Чай жасмин 100мл,false,5,0,Списание,false,30,9635,false
2026-03-20T21:49:47.395Z,2026-03-20,ОЗМОЛЛ,7385440900064685,Unknown,Списание- Чай Ричард 100мл,false,8,0,Списание,false,32,9635,false
2026-03-20T21:49:47.395Z,2026-03-20,ОЗМОЛЛ,7385440900064685,Unknown,Списание- Тапиока 50 гр,false,4,0,Списание,false,2400,9635,false
2026-03-20T20:11:05.011Z,2026-03-20,ОЗМОЛЛ,7385440900064685,Card,Бабл-ти  Лаймовый (чай) (шарики не включены),false,1,256,,false,64,9633,false
2026-03-20T20:11:05.011Z,2026-03-20,ОЗМОЛЛ,7385440900064685,Card,Бабл-ти  Лаймовый (чай) (шарики не включены),false,1,256,,false,64,9633,false
2026-03-20T20:11:05.011Z,2026-03-20,ОЗМОЛЛ,7385440900064685,Card,Порция джус боллов (не тапиока),false,1,32,,false,8,9633,true
2026-03-20T19:26:47.656Z,2026-03-20,ОЗМОЛЛ,7385440900064685,Unknown,Списание- Тапиока 50 гр,false,4,0,Списание,false,2400,9630,false
2026-03-20T19:22:53.820Z,2026-03-20,ОЗМОЛЛ,7385440900064685,Cash,Капучино (шарики не включены),true,-1,-250,,false,0,9632,false
2026-03-20T19:22:53.820Z,2026-03-20,ОЗМОЛЛ,7385440900064685,Cash,Сироп шоколад (10 мл),true,-1,-50,,false,0,9632,true
2026-03-20T19:19:15.336Z,2026-03-20,ОЗМОЛЛ,7385440900064685,Cash,Капучино (шарики не включены),false,1,250,,false,0,9629,false
2026-03-20T19:19:15.336Z,2026-03-20,ОЗМОЛЛ,7385440900064685,Cash,Сироп шоколад (10 мл),false,1,50,,false,0,9629,true
2026-03-20T18:13:55.777Z,2026-03-20,ОЗМОЛЛ,7385440900064685,Card,Лазурная бухта лимонад (шарики не включены),false,1,350,,false,0,9628,false
2026-03-20T18:13:55.777Z,2026-03-20,ОЗМОЛЛ,7385440900064685,Card,Порция тапиоки,false,1,40,,false,0,9628,true
2026-03-20T18:13:55.777Z,2026-03-20,ОЗМОЛЛ,7385440900064685,Card,Лазурная бухта лимонад (шарики не включены),false,1,350,,false,0,9628,false
2026-03-20T17:10:41.668Z,2026-03-20,ОЗМОЛЛ,7385440900064685,Card,Айс Латте Соленая Карамель (шарики не включены),false,1,320,,false,0,9627,false
2026-03-20T17:10:41.668Z,2026-03-20,ОЗМОЛЛ,7385440900064685,Card,Порция тапиоки,false,1,40,,false,0,9627,true
2026-03-20T17:10:41.668Z,2026-03-20,ОЗМОЛЛ,7385440900064685,Card,Латте (шарики не включены),false,1,250,,false,0,9627,false
2026-03-20T17:04:30.796Z,2026-03-20,ОЗМОЛЛ,7385440900064685,Unknown,Списание- Тапиока 50 гр,false,4,0,Списание,false,2400,9625,false
2026-03-20T15:01:59.123Z,2026-03-20,ОЗМОЛЛ,7385440900064685,Card,Айс Латте Соленая Карамель,false,1,350,,false,0,9621,false
2026-03-20T14:11:16.144Z,2026-03-20,ОЗМОЛЛ,7385440900064685,Card,Капучино,false,1,250,,false,0,9620,false
2026-03-20T13:05:17.693Z,2026-03-20,ОЗМОЛЛ,7385440900064685,Online,Айс Латте Соленая Карамель,false,1,350,Онлайн З.,true,350,9619,false
2026-03-20T12:01:13.331Z,2026-03-20,ОЗМОЛЛ,7385440900064685,Card,Блинчики вишня (2шт),true,-1,-250,,false,0,9617,false
2026-03-20T11:56:38.448Z,2026-03-20,ОЗМОЛЛ,7385440900064685,Card,Блинчики вишня (2шт),false,1,250,,false,0,9615,false
2026-03-20T11:14:13.177Z,2026-03-20,ОЗМОЛЛ,7385440900064685,Card,Айс Латте лаванда,false,1,350,,false,0,9613,false
2026-03-20T11:14:13.177Z,2026-03-20,ОЗМОЛЛ,7385440900064685,Card,Бабл айс-ти Малина (чай),false,1,300,,false,0,9613,false
2026-03-19T20:58:34.214Z,2026-03-19,ОЗМОЛЛ,7385440900064685,Card,Капучино,false,1,250,,false,0,9576,false
2026-03-19T20:37:13.748Z,2026-03-19,ОЗМОЛЛ,7385440900064685,Card,Айс Латте Соленая Карамель,false,1,350,,false,0,9575,false
2026-03-19T18:51:30.587Z,2026-03-19,ОЗМОЛЛ,7385440900064685,Card,Корн-дог с сыром,false,1,350,,false,0,9572,false
2026-03-19T18:27:13.597Z,2026-03-19,ОЗМОЛЛ,7385440900064685,Card,Корн-дог сосиска,false,1,350,,false,0,9570,false
2026-03-19T18:06:55.818Z,2026-03-19,ОЗМОЛЛ,7385440900064685,Card,Сникерс кофе,false,1,360,,false,90,9568,false
2026-03-19T17:18:52.553Z,2026-03-19,ОЗМОЛЛ,7385440900064685,Card,Капучино,false,1,250,,false,0,9567,false
2026-03-19T17:18:52.553Z,2026-03-19,ОЗМОЛЛ,7385440900064685,Card,Печенье с предсказаниями,false,2,100,,false,0,9567,false
2026-03-19T17:14:50.166Z,2026-03-19,ОЗМОЛЛ,7385440900064685,Card,Американо,false,1,150,,false,0,9566,false
2026-03-19T16:15:27.925Z,2026-03-19,ОЗМОЛЛ,7385440900064685,Card,Мокка фраппучино,false,1,350,,false,0,9565,false
2026-03-19T16:15:27.925Z,2026-03-19,ОЗМОЛЛ,7385440900064685,Card,Кофе Брюле,false,1,450,,false,0,9565,false
2026-03-19T14:56:40.594Z,2026-03-19,ОЗМОЛЛ,7385440900064685,Unknown,Списание- Тапиока 50 гр,false,4,0,списание,false,2400,9562,false
2026-03-18T21:56:56.133Z,2026-03-18,ОЗМОЛЛ,7385440900064685,Unknown,Списание- Чай зеленый Сенча 14гр,false,4,0,Списание,false,8,9558,false
2026-03-18T21:53:16.474Z,2026-03-18,ОЗМОЛЛ,7385440900064685,Unknown,Списание- Чай жасмин 100мл,false,4,0,Списание,false,24,9557,false
2026-03-18T20:45:38.100Z,2026-03-18,ОЗМОЛЛ,7385440900064685,Card,Малина-банан Коктейль,false,1,350,,false,0,9554,false
2026-03-18T20:39:34.342Z,2026-03-18,ОЗМОЛЛ,7385440900064685,Card,Капучино,false,1,250,,false,0,9553,false
2026-03-18T19:48:15.334Z,2026-03-18,ОЗМОЛЛ,7385440900064685,Online,Корн-дог 50/50,false,1,400,Онлайн З.,true,400,9552,false
2026-03-18T19:48:15.334Z,2026-03-18,ОЗМОЛЛ,7385440900064685,Online,Корн-дог с сыром,false,1,350,Онлайн З.,true,350,9552,false
2026-03-18T19:48:15.334Z,2026-03-18,ОЗМОЛЛ,7385440900064685,Online,Блинчики с крем-сыром (2шт),false,1,250,Онлайн З.,true,250,9552,false
2026-03-18T19:48:15.334Z,2026-03-18,ОЗМОЛЛ,7385440900064685,Online,Блинчики с крем-сыром (2шт),false,1,250,Онлайн З.,true,250,9552,false
2026-03-18T19:48:15.334Z,2026-03-18,ОЗМОЛЛ,7385440900064685,Online,Блинчики с вареной сгущенкой (2шт),false,5,1250,Онлайн З.,true,1250,9552,false
2026-03-18T19:46:40.407Z,2026-03-18,ОЗМОЛЛ,7385440900064685,Unknown,Блинчики с вареной сгущенкой (2шт),true,-5,0,Списание,false,1250,9551,false
2026-03-18T19:46:40.407Z,2026-03-18,ОЗМОЛЛ,7385440900064685,Unknown,Блинчики с крем-сыром (2шт),true,-2,0,Списание,false,500,9551,false
2026-03-18T19:46:40.407Z,2026-03-18,ОЗМОЛЛ,7385440900064685,Unknown,Корн-дог 50/50,true,-1,0,Списание,false,400,9551,false
2026-03-18T19:46:40.407Z,2026-03-18,ОЗМОЛЛ,7385440900064685,Unknown,Корн-дог с сыром,true,-1,0,Списание,false,350,9551,false
2026-03-18T19:44:10.973Z,2026-03-18,ОЗМОЛЛ,7385440900064685,Unknown,Списание- Тапиока 50 гр,false,4,0,Списание,false,2400,9548,false
2026-03-18T17:09:40.125Z,2026-03-18,ОЗМОЛЛ,7385440900064685,Card,Айс Латте Соленая Карамель,false,1,350,,false,0,9545,false
2026-03-18T17:00:42.827Z,2026-03-18,ОЗМОЛЛ,7385440900064685,Card,Капучино,false,1,250,,false,0,9544,false
2026-03-18T17:00:42.827Z,2026-03-18,ОЗМОЛЛ,7385440900064685,Card,Американо,false,1,150,,false,0,9544,false
2026-03-18T16:22:31.014Z,2026-03-18,ОЗМОЛЛ,7385440900064685,Unknown,Блинчики с вареной сгущенкой (2шт),false,5,0,Списание,false,1250,9542,false
2026-03-18T16:22:31.014Z,2026-03-18,ОЗМОЛЛ,7385440900064685,Unknown,Блинчики с крем-сыром (2шт),false,2,0,Списание,false,500,9542,false
2026-03-18T16:22:31.014Z,2026-03-18,ОЗМОЛЛ,7385440900064685,Unknown,Корн-дог 50/50,false,1,0,Списание,false,400,9542,false
2026-03-18T16:22:31.014Z,2026-03-18,ОЗМОЛЛ,7385440900064685,Unknown,Корн-дог с сыром,false,1,0,Списание,false,350,9542,false
2026-03-18T14:54:17.615Z,2026-03-18,ОЗМОЛЛ,7385440900064685,Card,Вишневая кислинка Лимонад,false,1,400,,false,0,9540,false
2026-03-18T14:24:04.947Z,2026-03-18,ОЗМОЛЛ,7385440900064685,Card,Манго Танго Лимонад,false,1,500,,false,0,9539,false
2026-03-18T14:18:37.945Z,2026-03-18,ОЗМОЛЛ,7385440900064685,Online,Банановая матча Коктейль,false,1,450,Онлайн З.,true,450,9537,false
2026-03-18T14:18:37.945Z,2026-03-18,ОЗМОЛЛ,7385440900064685,Online,Айс Латте Соленая Карамель,false,1,350,Онлайн З.,true,350,9537,false
2026-03-18T14:18:37.945Z,2026-03-18,ОЗМОЛЛ,7385440900064685,Online,Печенье с предсказаниями,false,2,100,Онлайн З.,true,100,9537,false
2026-03-18T14:18:37.945Z,2026-03-18,ОЗМОЛЛ,7385440900064685,Online,Блинчики с нутеллой (2шт),false,1,250,Онлайн З.,true,250,9537,false
2026-03-18T14:04:08.460Z,2026-03-18,ОЗМОЛЛ,7385440900064685,Card,Айс Латте Соленая Карамель,true,-1,-350,,false,0,9534,false
2026-03-18T13:48:53.788Z,2026-03-18,ОЗМОЛЛ,7385440900064685,Card,Айс Латте Соленая Карамель,false,1,350,,false,0,9532,false
2026-03-18T13:48:53.788Z,2026-03-18,ОЗМОЛЛ,7385440900064685,Card,Айс Латте Соленая Карамель,false,1,350,,false,0,9532,false
2026-03-18T12:54:41.333Z,2026-03-18,ОЗМОЛЛ,7385440900064685,Card,Латте,false,1,250,,false,0,9531,false
2026-03-18T12:54:41.333Z,2026-03-18,ОЗМОЛЛ,7385440900064685,Card,Латте,false,1,250,,false,0,9531,false
2026-03-18T12:42:20.056Z,2026-03-18,ОЗМОЛЛ,7385440900064685,Card,Голубой Бабл-гам Коктейль,false,1,450,,false,0,9530,false
2026-03-18T12:42:20.056Z,2026-03-18,ОЗМОЛЛ,7385440900064685,Card,Корн-дог сосиска,false,1,350,,false,0,9530,false
2026-03-18T12:42:20.056Z,2026-03-18,ОЗМОЛЛ,7385440900064685,Card,Шторм на пляже Коктейль,false,1,400,,false,0,9530,false
2026-03-18T12:42:20.056Z,2026-03-18,ОЗМОЛЛ,7385440900064685,Card,Корн-дог сосиска,false,1,350,,false,0,9530,false
2026-03-18T12:32:09.706Z,2026-03-18,ОЗМОЛЛ,7385440900064685,Card,Корн-дог сосиска,false,1,350,,false,0,9529,false
2026-03-17T21:52:35.425Z,2026-03-17,ОЗМОЛЛ,7385440900064685,Unknown,Списание- Чай жасмин 100мл,false,9,0,Списание,false,54,9526,false
2026-03-17T21:52:35.425Z,2026-03-17,ОЗМОЛЛ,7385440900064685,Unknown,Списание- Чай Ричард 100мл,false,9,0,Списание,false,36,9526,false
2026-03-17T21:52:35.425Z,2026-03-17,ОЗМОЛЛ,7385440900064685,Unknown,Списание- Тапиока 50 гр,false,2,0,Списание,false,1200,9526,false
2026-03-17T21:31:13.579Z,2026-03-17,ОЗМОЛЛ,7385440900064685,Card,Вишневая кислинка Лимонад,false,1,400,,false,0,9525,false
2026-03-17T20:48:39.344Z,2026-03-17,ОЗМОЛЛ,7385440900064685,Online,Блинчики с вареной сгущенкой (2шт),false,1,250,Онлайн З.,true,250,9524,false
2026-03-17T20:48:39.344Z,2026-03-17,ОЗМОЛЛ,7385440900064685,Online,Айс Латте Соленая Карамель,false,1,350,Онлайн З.,true,350,9524,false
2026-03-17T20:48:39.344Z,2026-03-17,ОЗМОЛЛ,7385440900064685,Online,Чизкейк,false,1,350,Онлайн З.,true,350,9524,false
2026-03-17T19:41:50.998Z,2026-03-17,ОЗМОЛЛ,7385440900064685,Card,Моти Нутелла,false,1,250,,false,0,9521,false
2026-03-17T19:41:50.998Z,2026-03-17,ОЗМОЛЛ,7385440900064685,Card,Моти Лесные ягоды,false,1,250,,false,0,9521,false
2026-03-17T18:45:17.447Z,2026-03-17,ОЗМОЛЛ,7385440900064685,Card,Бабл-ти  Лаймовый (чай),false,1,150,Кривых А.А.,false,150,9520,false
2026-03-17T18:20:40.432Z,2026-03-17,ОЗМОЛЛ,7385440900064685,Unknown,Списание- Тапиока 50 гр,false,4,0,Списание,false,2400,9519,false
2026-03-17T16:45:09.509Z,2026-03-17,ОЗМОЛЛ,7385440900064685,Cash,Малина-банан Коктейль,false,1,350,,false,0,9518,false
2026-03-17T15:43:01.231Z,2026-03-17,ОЗМОЛЛ,7385440900064685,Online,Корн-дог с сыром,false,1,350,Онлайн З.,true,350,9515,false
2026-03-17T15:43:01.231Z,2026-03-17,ОЗМОЛЛ,7385440900064685,Online,Корн-дог с сыром,false,1,350,Онлайн З.,true,350,9515,false
2026-03-17T15:43:01.231Z,2026-03-17,ОЗМОЛЛ,7385440900064685,Online,Печенье с предсказаниями,false,1,50,Онлайн З.,true,50,9515,false
2026-03-17T15:25:56.013Z,2026-03-17,ОЗМОЛЛ,7385440900064685,Card,Крем Брюле Коктейль,false,1,450,,false,0,9512,false
2026-03-17T15:25:56.013Z,2026-03-17,ОЗМОЛЛ,7385440900064685,Card,Крем Брюле Коктейль,false,1,450,,false,0,9512,false
2026-03-17T14:26:45.043Z,2026-03-17,ОЗМОЛЛ,7385440900064685,Card,Латте,false,1,250,,false,0,9510,false
2026-03-17T13:08:44.327Z,2026-03-17,ОЗМОЛЛ,7385440900064685,Card,Капучино,false,1,250,,false,0,9508,false
2026-03-16T21:45:22.834Z,2026-03-16,ОЗМОЛЛ,7385440900064685,Unknown,Списание- Тапиока 50 гр,false,8,0,Списание,false,4800,9503,false
2026-03-16T21:45:22.834Z,2026-03-16,ОЗМОЛЛ,7385440900064685,Unknown,Списание- Чай жасмин 100мл,false,6,0,Списание,false,36,9503,false
2026-03-16T21:45:22.834Z,2026-03-16,ОЗМОЛЛ,7385440900064685,Unknown,Списание- Чай Ричард 100мл,false,8,0,Списание,false,32,9503,false
2026-03-16T21:15:26.420Z,2026-03-16,ОЗМОЛЛ,7385440900064685,Card,Блинчики с мясом (2шт),false,1,250,,false,0,9502,false
2026-03-16T20:43:09.550Z,2026-03-16,ОЗМОЛЛ,7385440900064685,Online,Сникерс кофе,false,1,450,Онлайн З.,true,450,9499,false
2026-03-16T20:43:09.550Z,2026-03-16,ОЗМОЛЛ,7385440900064685,Online,Тирамису кофе,false,1,350,Онлайн З.,true,350,9499,false
2026-03-16T20:23:08.764Z,2026-03-16,ОЗМОЛЛ,7385440900064685,Card,Куроми Коктейль,false,1,500,,false,0,9496,false
2026-03-16T20:23:08.764Z,2026-03-16,ОЗМОЛЛ,7385440900064685,Card,Бабл-чай Мятное яблоко,false,1,350,,false,0,9496,false
2026-03-16T19:27:10.107Z,2026-03-16,ОЗМОЛЛ,7385440900064685,Cash,Бабл-ти  Лаймовый (чай),false,1,300,,false,0,9494,false
2026-03-16T18:51:50.352Z,2026-03-16,ОЗМОЛЛ,7385440900064685,Cash,Мокка фраппучино,false,1,350,,false,0,9493,false
2026-03-16T18:41:07.321Z,2026-03-16,ОЗМОЛЛ,7385440900064685,Cash,Блинчики вишня (2шт),false,1,250,,false,0,9492,false
2026-03-16T17:42:42.906Z,2026-03-16,ОЗМОЛЛ,7385440900064685,Card,Крем Брюле Коктейль,false,1,450,,false,0,9491,false
2026-03-16T15:22:45.710Z,2026-03-16,ОЗМОЛЛ,7385440900064685,Unknown,Списание- Тапиока 50 гр,false,4,0,списание,false,2400,9488,false
2026-03-16T14:42:24.916Z,2026-03-16,ОЗМОЛЛ,7385440900064685,Card,Корн-дог с сыром,false,1,350,,false,0,9486,false
2026-03-16T14:29:51.733Z,2026-03-16,ОЗМОЛЛ,7385440900064685,Cash,Латте,false,1,125,Яна,false,125,9485,false
2026-03-16T14:17:59.998Z,2026-03-16,ОЗМОЛЛ,7385440900064685,Card,Корн-дог 50/50,false,1,400,,false,0,9484,false
2026-03-16T14:04:51.122Z,2026-03-16,ОЗМОЛЛ,7385440900064685,Unknown,Печенье с предсказаниями,false,1,0,ПЕЧЕНЬЕ З.О.,false,50,9483,false
2026-03-16T14:01:06.997Z,2026-03-16,ОЗМОЛЛ,7385440900064685,Card,Блинчики с нутеллой (2шт),false,1,250,,false,0,9482,false
2026-03-16T13:46:48.317Z,2026-03-16,ОЗМОЛЛ,7385440900064685,Card,Латте,false,1,250,,false,0,9481,false
2026-03-16T13:46:48.317Z,2026-03-16,ОЗМОЛЛ,7385440900064685,Card,Капучино,false,1,250,,false,0,9481,false
2026-03-16T13:38:33.416Z,2026-03-16,ОЗМОЛЛ,7385440900064685,Card,Корн-дог с сыром,false,1,350,,false,0,9480,false
2026-03-16T13:32:34.614Z,2026-03-16,ОЗМОЛЛ,7385440900064685,Card,Лазурная бухта лимонад,false,1,400,,false,0,9479,false
2026-03-16T12:55:10.583Z,2026-03-16,ОЗМОЛЛ,7385440900064685,Card,Раф кокос,false,1,350,,false,0,9478,false
2026-03-16T12:40:59.778Z,2026-03-16,ОЗМОЛЛ,7385440900064685,Cash,Блинчики с мясом (2шт),false,1,125,Яна,false,125,9477,false
2026-03-16T11:53:31.879Z,2026-03-16,ОЗМОЛЛ,7385440900064685,Card,Блинчики с орео (2шт),false,1,125,Яна,false,125,9473,false
2026-03-15T21:44:07.561Z,2026-03-15,ОЗМОЛЛ,7385440900064685,Unknown,Списание- Чай Ричард 100мл,false,6,0,Списание,false,24,9474,false
2026-03-15T21:44:07.561Z,2026-03-15,ОЗМОЛЛ,7385440900064685,Unknown,Списание- Чай жасмин 100мл,false,9,0,Списание,false,54,9474,false
2026-03-15T21:44:07.561Z,2026-03-15,ОЗМОЛЛ,7385440900064685,Unknown,Списание- Тапиока 50 гр,false,4,0,Списание,false,2400,9474,false
2026-03-15T20:08:52.697Z,2026-03-15,ОЗМОЛЛ,7385440900064685,Card,Единорожек Коктейль,false,1,400,,false,0,9471,false
2026-03-15T20:08:52.697Z,2026-03-15,ОЗМОЛЛ,7385440900064685,Card,Порция тапиоки,false,1,50,,false,0,9471,true
2026-03-15T20:08:52.697Z,2026-03-15,ОЗМОЛЛ,7385440900064685,Card,Корн-дог 50/50,false,1,400,,false,0,9471,false
2026-03-15T20:08:52.697Z,2026-03-15,ОЗМОЛЛ,7385440900064685,Card,Бабл-ти Смородина мята (чай),false,1,400,,false,0,9471,false
2026-03-15T20:08:52.697Z,2026-03-15,ОЗМОЛЛ,7385440900064685,Card,Порция тапиоки,false,1,50,,false,0,9471,true
2026-03-15T20:08:52.697Z,2026-03-15,ОЗМОЛЛ,7385440900064685,Card,Латте,false,1,250,,false,0,9471,false
2026-03-15T19:22:32.180Z,2026-03-15,ОЗМОЛЛ,7385440900064685,Card,Малина-банан Коктейль,false,1,350,,false,0,9469,false
2026-03-15T19:21:09.539Z,2026-03-15,ОЗМОЛЛ,7385440900064685,Card,Айс Латте Соленая Карамель,false,1,350,,false,0,9468,false
2026-03-15T19:21:09.539Z,2026-03-15,ОЗМОЛЛ,7385440900064685,Card,Бамбл,false,1,400,,false,0,9468,false
2026-03-15T18:40:27.742Z,2026-03-15,ОЗМОЛЛ,7385440900064685,Unknown,Списание- Тапиока 50 гр,false,5,0,Списание,false,3000,9466,false
2026-03-15T17:55:39.265Z,2026-03-15,ОЗМОЛЛ,7385440900064685,Online,Принцесса Персиков Коктейль,false,1,350,Онлайн З.,true,350,9463,false
2026-03-15T17:55:39.265Z,2026-03-15,ОЗМОЛЛ,7385440900064685,Online,Безлатнозное коровье молоко (Пармалат),false,1,100,Онлайн З.,true,100,9463,true
2026-03-15T16:55:50.091Z,2026-03-15,ОЗМОЛЛ,7385440900064685,Online,Хеллоу Китти Коктейль,false,1,450,Онлайн З.,true,450,9462,false
2026-03-15T16:50:14.850Z,2026-03-15,ОЗМОЛЛ,7385440900064685,Card,Бабл-ти  Лаймовый (чай),false,1,300,,false,0,9461,false
2026-03-15T16:48:34.894Z,2026-03-15,ОЗМОЛЛ,7385440900064685,Cash,Американо,false,1,150,,false,0,9460,false
2026-03-15T16:06:39.221Z,2026-03-15,ОЗМОЛЛ,7385440900064685,Card,Латте,false,1,250,,false,0,9456,false
2026-03-15T15:44:38.560Z,2026-03-15,ОЗМОЛЛ,7385440900064685,Card,Латте,false,1,250,,false,0,9455,false
2026-03-15T14:45:23.298Z,2026-03-15,ОЗМОЛЛ,7385440900064685,Card,Американо,false,1,150,,false,0,9453,false
2026-03-15T13:38:17.574Z,2026-03-15,ОЗМОЛЛ,7385440900064685,Card,Корн-дог с сыром,false,1,350,,false,0,9451,false
2026-03-15T13:38:17.574Z,2026-03-15,ОЗМОЛЛ,7385440900064685,Card,Для комбо малина айс-ти,false,1,100,,false,150,9451,false
2026-03-15T13:38:17.574Z,2026-03-15,ОЗМОЛЛ,7385440900064685,Card,Мята в облаках Лимонад,false,1,450,,false,0,9451,false
2026-03-15T12:45:13.829Z,2026-03-15,ОЗМОЛЛ,7385440900064685,Card,Моти сливочный,false,1,250,,false,0,9449,false
2026-03-15T12:44:56.983Z,2026-03-15,ОЗМОЛЛ,7385440900064685,Card,Корн-дог 50/50,false,1,400,,false,0,9448,false
2026-03-15T12:05:52.461Z,2026-03-15,ОЗМОЛЛ,7385440900064685,Card,Вишневая кислинка Лимонад,false,1,400,,false,0,9447,false
2026-03-15T10:38:45.384Z,2026-03-15,ОЗМОЛЛ,7385440900064685,Card,Американо,false,4,600,,false,0,9446,false
2026-03-14T21:35:59.842Z,2026-03-14,ОЗМОЛЛ,7385440900064685,Unknown,Списание- Тапиока 50 гр,false,6,0,Списание,false,3600,9443,false
2026-03-14T21:35:59.842Z,2026-03-14,ОЗМОЛЛ,7385440900064685,Unknown,Списание- Чай жасмин 100мл,false,12,0,Списание,false,72,9443,false
2026-03-14T21:35:59.842Z,2026-03-14,ОЗМОЛЛ,7385440900064685,Unknown,Списание- Чай Ричард 100мл,false,9,0,Списание,false,36,9443,false
2026-03-14T19:48:17.047Z,2026-03-14,ОЗМОЛЛ,7385440900064685,Unknown,Корн-дог 50/50,false,1,0,Списание,false,400,9442,false
2026-03-14T19:48:17.047Z,2026-03-14,ОЗМОЛЛ,7385440900064685,Unknown,Корн-дог с сыром,false,1,0,Списание,false,350,9442,false
2026-03-14T19:47:34.718Z,2026-03-14,ОЗМОЛЛ,7385440900064685,Unknown,Списание- Тапиока 50 гр,false,2,0,Списание,false,1200,9441,false
2026-03-14T19:41:54.749Z,2026-03-14,ОЗМОЛЛ,7385440900064685,Card,Тигр карамельный Коктейль,false,1,350,,false,0,9440,false
2026-03-14T19:07:44.486Z,2026-03-14,ОЗМОЛЛ,7385440900064685,Card,Мокка фраппучино,false,1,350,,false,0,9439,false
2026-03-14T18:15:27.940Z,2026-03-14,ОЗМОЛЛ,7385440900064685,Card,Мокка фраппучино,false,1,350,,false,0,9436,false
2026-03-14T16:58:38.780Z,2026-03-14,ОЗМОЛЛ,7385440900064685,Card,Моти Манго,false,1,250,,false,0,9434,false
2026-03-14T16:49:46.742Z,2026-03-14,ОЗМОЛЛ,7385440900064685,Card,Чжун Ли шоколадный Коктейль,false,1,450,,false,0,9433,false
2026-03-14T16:49:46.742Z,2026-03-14,ОЗМОЛЛ,7385440900064685,Card,Печенье с предсказаниями,false,1,50,,false,0,9433,false
2026-03-14T16:49:46.742Z,2026-03-14,ОЗМОЛЛ,7385440900064685,Card,Чжун Ли шоколадный Коктейль,false,1,450,,false,0,9433,false
2026-03-14T16:32:09.912Z,2026-03-14,ОЗМОЛЛ,7385440900064685,Cash,Малина-банан Коктейль,false,1,350,,false,0,9431,false
2026-03-14T16:32:09.912Z,2026-03-14,ОЗМОЛЛ,7385440900064685,Cash,Моти Манго,false,1,250,,false,0,9431,false
2026-03-14T16:25:10.131Z,2026-03-14,ОЗМОЛЛ,7385440900064685,Cash,Корн-дог 50/50,false,1,400,,false,0,9430,false
2026-03-14T14:17:30.071Z,2026-03-14,ОЗМОЛЛ,7385440900064685,Online,Корн-дог с сыром,false,1,350,Онлайн З.,true,350,9427,false
2026-03-14T14:17:30.071Z,2026-03-14,ОЗМОЛЛ,7385440900064685,Online,Корн-дог сосиска,false,1,350,Онлайн З.,true,350,9427,false
2026-03-14T14:17:30.071Z,2026-03-14,ОЗМОЛЛ,7385440900064685,Online,Моти Орео,false,1,250,Онлайн З.,true,250,9427,false
2026-03-14T14:17:30.071Z,2026-03-14,ОЗМОЛЛ,7385440900064685,Online,Единорожек Коктейль,false,1,400,Онлайн З.,true,400,9427,false
2026-03-14T14:14:19.591Z,2026-03-14,ОЗМОЛЛ,7385440900064685,Card,Хеллоу Китти Коктейль,false,1,450,,false,0,9426,false
2026-03-14T14:09:55.096Z,2026-03-14,ОЗМОЛЛ,7385440900064685,Card,Лазурная бухта лимонад,false,1,400,,false,0,9424,false
2026-03-14T13:50:00.293Z,2026-03-14,ОЗМОЛЛ,7385440900064685,Card,Корн-дог с сыром,false,1,350,,false,0,9423,false
2026-03-14T13:50:00.293Z,2026-03-14,ОЗМОЛЛ,7385440900064685,Card,Мармеладный мишка лимонад,false,1,400,,false,0,9423,false
2026-03-14T13:10:08.938Z,2026-03-14,ОЗМОЛЛ,7385440900064685,Card,Бабл-чай Соленая карамель,false,1,320,,false,80,9421,false
2026-03-14T12:36:57.970Z,2026-03-14,ОЗМОЛЛ,7385440900064685,Online,Корн-дог с сыром,false,1,350,Онлайн З.,true,350,9418,false
2026-03-14T12:36:57.970Z,2026-03-14,ОЗМОЛЛ,7385440900064685,Online,Корн-дог сосиска,false,1,350,Онлайн З.,true,350,9418,false
2026-03-14T12:36:57.970Z,2026-03-14,ОЗМОЛЛ,7385440900064685,Online,Корн-дог с сыром,false,1,350,Онлайн З.,true,350,9418,false
2026-03-14T12:36:57.970Z,2026-03-14,ОЗМОЛЛ,7385440900064685,Online,Хеллоу Китти Коктейль,false,1,450,Онлайн З.,true,450,9418,false
2026-03-14T12:36:57.970Z,2026-03-14,ОЗМОЛЛ,7385440900064685,Online,Куроми Коктейль,false,1,500,Онлайн З.,true,500,9418,false
2026-03-14T11:01:42.197Z,2026-03-14,ОЗМОЛЛ,7385440900064685,Card,Тигр карамельный Коктейль,false,1,350,,false,0,9415,false
2026-03-13T21:47:16.207Z,2026-03-13,ОЗМОЛЛ,7385440900064685,Card,Вишневая кислинка Лимонад,false,1,400,,false,0,9412,false
2026-03-13T21:07:29.259Z,2026-03-13,ОЗМОЛЛ,7385440900064685,Card,Лазурная бухта лимонад,false,1,400,,false,0,9411,false
2026-03-13T21:07:29.259Z,2026-03-13,ОЗМОЛЛ,7385440900064685,Card,Айс Латте Соленая Карамель,false,1,350,,false,0,9411,false
2026-03-13T18:53:47.487Z,2026-03-13,ОЗМОЛЛ,7385440900064685,Unknown,Списание- Тапиока 50 гр,false,1,0,Списание,false,600,9410,false
2026-03-13T18:43:52.680Z,2026-03-13,ОЗМОЛЛ,7385440900064685,Card,Принцесса Персиков Коктейль,false,1,280,,false,70,9409,false
2026-03-13T18:43:52.680Z,2026-03-13,ОЗМОЛЛ,7385440900064685,Card,Корн-дог 50/50,false,1,320,,false,80,9409,false
2026-03-13T18:24:34.284Z,2026-03-13,ОЗМОЛЛ,7385440900064685,Card,Моти Вишня,false,1,250,,false,0,9408,false
2026-03-13T18:24:34.284Z,2026-03-13,ОЗМОЛЛ,7385440900064685,Card,Малина-банан Коктейль,false,1,350,,false,0,9408,false
2026-03-13T18:03:01.664Z,2026-03-13,ОЗМОЛЛ,7385440900064685,Online,Моти Орео,false,1,250,Онлайн З.,true,250,9407,false
2026-03-13T18:03:01.664Z,2026-03-13,ОЗМОЛЛ,7385440900064685,Online,Моти Нутелла,false,1,250,Онлайн З.,true,250,9407,false
2026-03-13T18:03:01.664Z,2026-03-13,ОЗМОЛЛ,7385440900064685,Online,Моти Вишня,false,1,250,Онлайн З.,true,250,9407,false
2026-03-13T18:03:01.664Z,2026-03-13,ОЗМОЛЛ,7385440900064685,Online,Моти Манго,false,1,250,Онлайн З.,true,250,9407,false
2026-03-13T18:03:01.664Z,2026-03-13,ОЗМОЛЛ,7385440900064685,Online,Моти Лесные ягоды,false,1,250,Онлайн З.,true,250,9407,false
2026-03-13T18:03:01.664Z,2026-03-13,ОЗМОЛЛ,7385440900064685,Online,Моти сливочный,false,1,250,Онлайн З.,true,250,9407,false
2026-03-13T18:03:01.664Z,2026-03-13,ОЗМОЛЛ,7385440900064685,Online,Моти рафаэлло,false,1,250,Онлайн З.,true,250,9407,false
2026-03-13T17:13:43.420Z,2026-03-13,ОЗМОЛЛ,7385440900064685,Card,Тирамису кофе,false,1,350,,false,0,9405,false
2026-03-13T17:13:43.420Z,2026-03-13,ОЗМОЛЛ,7385440900064685,Card,Латте,false,1,250,,false,0,9405,false
2026-03-13T16:03:51.250Z,2026-03-13,ОЗМОЛЛ,7385440900064685,Card,Банановая матча Коктейль,false,1,450,,false,0,9404,false
2026-03-13T15:42:56.311Z,2026-03-13,ОЗМОЛЛ,7385440900064685,Card,Бодрящий апельсин Лимонад,false,1,450,,false,0,9403,false
2026-03-13T15:41:30.966Z,2026-03-13,ОЗМОЛЛ,7385440900064685,Card,Бабл ти Лесные ягоды (чай),false,1,350,,false,0,9402,false
2026-03-13T15:36:14.927Z,2026-03-13,ОЗМОЛЛ,7385440900064685,Card,Сникерс кофе,false,1,450,,false,0,9401,false
2026-03-13T15:36:14.927Z,2026-03-13,ОЗМОЛЛ,7385440900064685,Card,Тирамису кофе,false,1,350,,false,0,9401,false
2026-03-13T15:36:14.927Z,2026-03-13,ОЗМОЛЛ,7385440900064685,Card,Моти Орео,false,1,250,,false,0,9401,false
2026-03-13T14:51:01.300Z,2026-03-13,ОЗМОЛЛ,7385440900064685,Card,Капучино,false,1,250,,false,0,9399,false
2026-03-13T14:51:01.300Z,2026-03-13,ОЗМОЛЛ,7385440900064685,Card,Латте,false,1,250,,false,0,9399,false
2026-03-13T14:51:01.300Z,2026-03-13,ОЗМОЛЛ,7385440900064685,Card,Капучино,false,1,250,,false,0,9399,false
2026-03-13T14:12:51.742Z,2026-03-13,ОЗМОЛЛ,7385440900064685,Unknown,Списание- Тапиока 50 гр,false,2,0,списание,false,1200,9398,false
2026-03-13T13:28:27.819Z,2026-03-13,ОЗМОЛЛ,7385440900064685,Card,Лаймовое яблоко лимонад,false,1,350,,false,0,9397,false
2026-03-13T13:28:27.819Z,2026-03-13,ОЗМОЛЛ,7385440900064685,Card,Для комбо малина айс-ти,false,1,100,,false,150,9397,false
2026-03-13T13:28:27.819Z,2026-03-13,ОЗМОЛЛ,7385440900064685,Card,Корн-дог с сыром,false,1,350,,false,0,9397,false
2026-03-13T13:01:58.695Z,2026-03-13,ОЗМОЛЛ,7385440900064685,Card,Хеллоу Китти Коктейль,false,1,450,,false,0,9396,false
2026-03-12T21:47:27.470Z,2026-03-12,ОЗМОЛЛ,7385440900064685,Unknown,Списание- Чай Ричард 100мл,false,13,0,Списание,false,52,9393,false
2026-03-12T21:47:27.470Z,2026-03-12,ОЗМОЛЛ,7385440900064685,Unknown,Списание- Чай жасмин 100мл,false,18,0,Списание,false,108,9393,false
2026-03-12T21:47:27.470Z,2026-03-12,ОЗМОЛЛ,7385440900064685,Unknown,Списание- Тапиока 50 гр,false,5,0,Списание,false,3000,9393,false
2026-03-12T20:01:07.171Z,2026-03-12,ОЗМОЛЛ,7385440900064685,Card,Чизкейк,false,1,350,,false,0,9391,false
2026-03-12T20:01:07.171Z,2026-03-12,ОЗМОЛЛ,7385440900064685,Card,Чизкейк,false,1,350,,false,0,9391,false
2026-03-12T20:01:07.171Z,2026-03-12,ОЗМОЛЛ,7385440900064685,Card,Вишневая кислинка Лимонад,false,1,400,,false,0,9391,false
2026-03-12T20:01:07.171Z,2026-03-12,ОЗМОЛЛ,7385440900064685,Card,Тигр карамельный Коктейль,false,1,350,,false,0,9391,false
2026-03-12T19:35:24.982Z,2026-03-12,ОЗМОЛЛ,7385440900064685,Card,Лаймовое яблоко лимонад,false,1,350,,false,0,9389,false
2026-03-12T19:35:24.982Z,2026-03-12,ОЗМОЛЛ,7385440900064685,Card,Лазурная бухта лимонад,false,1,400,,false,0,9389,false
2026-03-12T18:31:27.726Z,2026-03-12,ОЗМОЛЛ,7385440900064685,Cash,Шоко-банан Коктейль,false,1,450,,false,0,9388,false
2026-03-12T16:46:01.138Z,2026-03-12,ОЗМОЛЛ,7385440900064685,Online,Крем Брюле Коктейль,false,1,450,Онлайн З.,true,450,9385,false
2026-03-12T16:46:01.138Z,2026-03-12,ОЗМОЛЛ,7385440900064685,Online,Порция тапиоки,false,1,50,Онлайн З.,true,50,9385,true
2026-03-12T16:46:01.138Z,2026-03-12,ОЗМОЛЛ,7385440900064685,Online,Банановая матча Коктейль,false,1,450,Онлайн З.,true,450,9385,false
2026-03-12T16:46:01.138Z,2026-03-12,ОЗМОЛЛ,7385440900064685,Online,Порция кокосовых кусочков,false,1,50,Онлайн З.,true,50,9385,true
2026-03-12T16:46:01.138Z,2026-03-12,ОЗМОЛЛ,7385440900064685,Online,Порция тапиоки,false,1,50,Онлайн З.,true,50,9385,true
2026-03-12T16:45:12.654Z,2026-03-12,ОЗМОЛЛ,7385440900064685,Unknown,Крем Брюле Коктейль,true,-1,0,Списание,false,450,9384,false
2026-03-12T16:45:12.654Z,2026-03-12,ОЗМОЛЛ,7385440900064685,Unknown,Порция тапиоки,true,-1,0,Списание,false,50,9384,true
2026-03-12T16:45:12.654Z,2026-03-12,ОЗМОЛЛ,7385440900064685,Unknown,Банановая матча Коктейль,true,-1,0,Списание,false,450,9384,false
2026-03-12T16:45:12.654Z,2026-03-12,ОЗМОЛЛ,7385440900064685,Unknown,Порция кокосовых кусочков,true,-1,0,Списание,false,50,9384,true
2026-03-12T16:45:12.654Z,2026-03-12,ОЗМОЛЛ,7385440900064685,Unknown,Порция тапиоки,true,-1,0,Списание,false,50,9384,true
2026-03-12T16:33:59.884Z,2026-03-12,ОЗМОЛЛ,7385440900064685,Cash,Американо,false,1,150,,false,0,9382,false
2026-03-12T16:27:27.325Z,2026-03-12,ОЗМОЛЛ,7385440900064685,Card,Бабл-ти  Лаймовый (чай),false,1,300,,false,0,9381,false
2026-03-12T15:06:10.875Z,2026-03-12,ОЗМОЛЛ,7385440900064685,Card,Манго Танго Лимонад,false,1,450,,false,0,9376,false
2026-03-12T15:06:10.875Z,2026-03-12,ОЗМОЛЛ,7385440900064685,Card,Малиновый закат лимонад,false,1,350,,false,0,9376,false
2026-03-12T14:54:36.268Z,2026-03-12,ОЗМОЛЛ,7385440900064685,Unknown,Списание- Тапиока 50 гр,false,2,0,списание,false,1200,9375,false
2026-03-12T12:06:09.762Z,2026-03-12,ОЗМОЛЛ,7385440900064685,Cash,Капучино,false,1,250,,false,0,9369,false
2026-03-11T21:55:11.804Z,2026-03-11,ОЗМОЛЛ,7385440900064685,Unknown,Списание- Чай жасмин 100мл,false,7,0,Списание,false,42,9333,false
2026-03-11T21:54:27.408Z,2026-03-11,ОЗМОЛЛ,7385440900064685,Unknown,Списание- Чай Ричард 100мл,false,5,0,Списание,false,20,9332,false
2026-03-11T21:49:47.696Z,2026-03-11,ОЗМОЛЛ,7385440900064685,Unknown,Списание- Тапиока 50 гр,false,2,0,Списание,false,1200,9331,false
2026-03-11T20:09:42.971Z,2026-03-11,ОЗМОЛЛ,7385440900064685,Card,Капучино,false,1,250,,false,0,9329,false
2026-03-11T20:09:42.971Z,2026-03-11,ОЗМОЛЛ,7385440900064685,Card,Капучино,false,1,250,,false,0,9329,false
2026-03-11T20:09:42.971Z,2026-03-11,ОЗМОЛЛ,7385440900064685,Card,Капучино,false,1,250,,false,0,9329,false
2026-03-11T20:09:42.971Z,2026-03-11,ОЗМОЛЛ,7385440900064685,Card,Американо,false,1,150,,false,0,9329,false
2026-03-11T19:49:56.273Z,2026-03-11,ОЗМОЛЛ,7385440900064685,Card,Бабл ти Лесные ягоды (чай),false,1,350,,false,0,9328,false
2026-03-11T19:48:13.816Z,2026-03-11,ОЗМОЛЛ,7385440900064685,Card,Пина Колада Лимонад,false,1,350,,false,0,9327,false
2026-03-11T19:47:26.379Z,2026-03-11,ОЗМОЛЛ,7385440900064685,Card,Бабл-ти Сочная маракуйя (чай),false,1,400,,false,0,9326,false
2026-03-11T18:51:28.105Z,2026-03-11,ОЗМОЛЛ,7385440900064685,Unknown,Крем Брюле Коктейль,false,1,0,Списание,false,450,9324,false
2026-03-11T18:51:28.105Z,2026-03-11,ОЗМОЛЛ,7385440900064685,Unknown,Порция тапиоки,false,1,0,Списание,false,50,9324,true
2026-03-11T18:51:28.105Z,2026-03-11,ОЗМОЛЛ,7385440900064685,Unknown,Банановая матча Коктейль,false,1,0,Списание,false,450,9324,false
2026-03-11T18:51:28.105Z,2026-03-11,ОЗМОЛЛ,7385440900064685,Unknown,Порция кокосовых кусочков,false,1,0,Списание,false,50,9324,true
2026-03-11T18:51:28.105Z,2026-03-11,ОЗМОЛЛ,7385440900064685,Unknown,Порция тапиоки,false,1,0,Списание,false,50,9324,true
2026-03-11T18:40:39.894Z,2026-03-11,ОЗМОЛЛ,7385440900064685,Card,Айс Латте Малина,false,1,350,,false,0,9322,false
2026-03-11T18:37:07.252Z,2026-03-11,ОЗМОЛЛ,7385440900064685,Card,Моти Манго,false,1,250,,false,0,9321,false
2026-03-11T18:37:07.252Z,2026-03-11,ОЗМОЛЛ,7385440900064685,Card,Моти Нутелла,false,1,250,,false,0,9321,false
2026-03-11T18:15:58.305Z,2026-03-11,ОЗМОЛЛ,7385440900064685,Card,Раф кокос,false,1,350,,false,0,9320,false
2026-03-11T18:13:42.663Z,2026-03-11,ОЗМОЛЛ,7385440900064685,Card,Капучино,false,1,250,,false,0,9319,false
2026-03-11T17:55:18.727Z,2026-03-11,ОЗМОЛЛ,7385440900064685,Card,Малина-банан Коктейль,false,1,175,Лузан В.,false,175,9318,false
2026-03-11T17:32:49.779Z,2026-03-11,ОЗМОЛЛ,7385440900064685,Card,Красный дракон лимонад,false,1,350,,false,0,9317,false
2026-03-11T16:35:22.197Z,2026-03-11,ОЗМОЛЛ,7385440900064685,Card,Крем Брюле Коктейль,false,1,450,,false,0,9316,false
2026-03-11T16:22:27.526Z,2026-03-11,ОЗМОЛЛ,7385440900064685,Cash,Сникерс кофе,false,1,450,,false,0,9315,false
2026-03-11T16:22:27.526Z,2026-03-11,ОЗМОЛЛ,7385440900064685,Cash,Корейский кофе,false,1,400,,false,0,9315,false
2026-03-11T16:00:56.602Z,2026-03-11,ОЗМОЛЛ,7385440900064685,Cash,Корн-дог сосиска,false,1,350,,false,0,9314,false
2026-03-11T15:39:10.208Z,2026-03-11,ОЗМОЛЛ,7385440900064685,Card,Лаймовое яблоко лимонад,false,1,350,,false,0,9311,false
2026-03-11T15:01:09.474Z,2026-03-11,ОЗМОЛЛ,7385440900064685,Card,Тирамису кофе,false,1,350,,false,0,9309,false
2026-03-10T21:39:00.791Z,2026-03-10,ОЗМОЛЛ,7385440900064685,Unknown,Списание- Тапиока 50 гр,false,4,0,Списание,false,2400,9302,false
2026-03-10T21:39:00.791Z,2026-03-10,ОЗМОЛЛ,7385440900064685,Unknown,Списание- Чай жасмин 100мл,false,15,0,Списание,false,90,9302,false
2026-03-10T21:39:00.791Z,2026-03-10,ОЗМОЛЛ,7385440900064685,Unknown,Списание- Чай Ричард 100мл,false,15,0,Списание,false,60,9302,false
2026-03-10T19:41:05.748Z,2026-03-10,ОЗМОЛЛ,7385440900064685,Card,Шоко-банан Коктейль,false,1,450,,false,0,9300,false
2026-03-10T18:25:23.481Z,2026-03-10,ОЗМОЛЛ,7385440900064685,Online,Малина-банан Коктейль,false,1,350,Онлайн З.,true,350,9297,false
2026-03-10T18:14:06.681Z,2026-03-10,ОЗМОЛЛ,7385440900064685,Online,Блинчики с мясом (2шт),false,1,250,Онлайн З.,true,250,9296,false
2026-03-10T18:14:06.681Z,2026-03-10,ОЗМОЛЛ,7385440900064685,Online,Блинчики с вареной сгущенкой (2шт),false,1,250,Онлайн З.,true,250,9296,false
2026-03-10T18:14:06.681Z,2026-03-10,ОЗМОЛЛ,7385440900064685,Online,Малина-банан Коктейль,false,1,350,Онлайн З.,true,350,9296,false
2026-03-10T18:12:59.467Z,2026-03-10,ОЗМОЛЛ,7385440900064685,Cash,Айс Латте Соленая Карамель,false,1,350,,false,0,9294,false
2026-03-10T17:34:42.824Z,2026-03-10,ОЗМОЛЛ,7385440900064685,Card,Капучино,false,1,250,,false,0,9293,false
2026-03-10T17:34:42.824Z,2026-03-10,ОЗМОЛЛ,7385440900064685,Card,Американо,false,1,150,,false,0,9293,false
2026-03-10T17:06:19.250Z,2026-03-10,ОЗМОЛЛ,7385440900064685,Card,Лаймовое яблоко лимонад,false,1,350,,false,0,9291,false
2026-03-10T16:31:51.582Z,2026-03-10,ОЗМОЛЛ,7385440900064685,Cash,Американо,false,2,300,,false,0,9290,false
2026-03-10T16:31:51.582Z,2026-03-10,ОЗМОЛЛ,7385440900064685,Cash,Капучино,false,3,750,,false,0,9290,false
2026-03-10T15:57:45.385Z,2026-03-10,ОЗМОЛЛ,7385440900064685,Card,Шоко-банан Коктейль,false,1,450,,false,0,9288,false
2026-03-10T15:39:01.617Z,2026-03-10,ОЗМОЛЛ,7385440900064685,Card,Капучино,false,1,250,,false,0,9287,false
2026-03-10T15:39:01.617Z,2026-03-10,ОЗМОЛЛ,7385440900064685,Card,Американо,false,1,150,,false,0,9287,false
2026-03-10T15:35:38.958Z,2026-03-10,ОЗМОЛЛ,7385440900064685,Card,Малина-банан Коктейль,false,1,350,,false,0,9286,false
2026-03-10T15:35:38.958Z,2026-03-10,ОЗМОЛЛ,7385440900064685,Card,Шоко-банан Коктейль,false,1,450,,false,0,9286,false
2026-03-10T14:54:10.071Z,2026-03-10,ОЗМОЛЛ,7385440900064685,Card,Капучино,false,1,250,,false,0,9282,false
2026-03-10T12:26:28.355Z,2026-03-10,ОЗМОЛЛ,7385440900064685,Unknown,Печенье с предсказаниями,false,1,0,списание,false,50,9281,false
2026-03-10T12:13:20.571Z,2026-03-10,ОЗМОЛЛ,7385440900064685,Card,Айс Латте лаванда,false,1,350,,false,0,9280,false
2026-03-10T12:05:47.443Z,2026-03-10,ОЗМОЛЛ,7385440900064685,Card,Тигр карамельный Коктейль,false,1,350,,false,0,9279,false
2026-03-10T12:05:47.443Z,2026-03-10,ОЗМОЛЛ,7385440900064685,Card,Американо,false,1,150,,false,0,9279,false
2026-03-09T21:30:21.526Z,2026-03-09,ОЗМОЛЛ,7385440900064685,Unknown,Списание- Тапиока 50 гр,false,1,0,Списание,false,600,9276,false
2026-03-09T21:30:21.526Z,2026-03-09,ОЗМОЛЛ,7385440900064685,Unknown,Списание- Чай Ричард 100мл,false,9,0,Списание,false,36,9276,false
2026-03-09T21:30:21.526Z,2026-03-09,ОЗМОЛЛ,7385440900064685,Unknown,Списание- Чай жасмин 100мл,false,8,0,Списание,false,48,9276,false
2026-03-09T21:05:14.819Z,2026-03-09,ОЗМОЛЛ,7385440900064685,Card,Манго Танго Лимонад,false,1,450,,false,0,9274,false
2026-03-09T21:05:14.819Z,2026-03-09,ОЗМОЛЛ,7385440900064685,Card,Корн-дог 50/50,false,1,400,,false,0,9274,false
2026-03-09T21:02:30.235Z,2026-03-09,ОЗМОЛЛ,7385440900064685,Card,Мармеладный мишка лимонад,false,1,400,,false,0,9273,false
2026-03-09T19:07:39.600Z,2026-03-09,ОЗМОЛЛ,7385440900064685,Card,Моти Манго,false,1,250,,false,0,9271,false
2026-03-09T19:04:08.772Z,2026-03-09,ОЗМОЛЛ,7385440900064685,Cash,Печенье с предсказаниями,false,1,50,,false,0,9270,false
2026-03-09T18:37:32.236Z,2026-03-09,ОЗМОЛЛ,7385440900064685,Card,Айс Латте лаванда,false,1,350,,false,0,9268,false
2026-03-09T18:21:53.250Z,2026-03-09,ОЗМОЛЛ,7385440900064685,Card,Капучино,false,1,250,,false,0,9267,false
2026-03-09T18:05:33.207Z,2026-03-09,ОЗМОЛЛ,7385440900064685,Card,Корн-дог 50/50,false,1,400,,false,0,9266,false
2026-03-09T17:01:45.245Z,2026-03-09,ОЗМОЛЛ,7385440900064685,Card,Малина-банан Коктейль,false,1,350,,false,0,9264,false
2026-03-09T17:01:45.245Z,2026-03-09,ОЗМОЛЛ,7385440900064685,Card,Блинчики с нутеллой (2шт),false,1,250,,false,0,9264,false
2026-03-09T15:31:28.034Z,2026-03-09,ОЗМОЛЛ,7385440900064685,Card,Корн-дог с сыром,false,1,350,,false,0,9259,false
2026-03-09T15:29:02.524Z,2026-03-09,ОЗМОЛЛ,7385440900064685,Card,Для комбо малина айс-ти,false,1,100,,false,150,9258,false
2026-03-09T15:29:02.524Z,2026-03-09,ОЗМОЛЛ,7385440900064685,Card,Корн-дог с сыром,false,1,350,,false,0,9258,false
2026-03-09T15:10:56.148Z,2026-03-09,ОЗМОЛЛ,7385440900064685,Card,Бабл-ти  Лаймовый (чай),false,1,300,,false,0,9256,false
2026-03-09T15:02:23.395Z,2026-03-09,ОЗМОЛЛ,7385440900064685,Card,Латте,false,1,250,,false,0,9255,false
2026-03-09T15:02:23.395Z,2026-03-09,ОЗМОЛЛ,7385440900064685,Card,Безлатнозное коровье молоко (Пармалат),false,1,100,,false,0,9255,true
2026-03-09T15:00:45.694Z,2026-03-09,ОЗМОЛЛ,7385440900064685,Card,Раф кокос,false,2,700,,false,0,9254,false
2026-03-09T15:00:45.694Z,2026-03-09,ОЗМОЛЛ,7385440900064685,Card,Капучино,false,1,250,,false,0,9254,false
2026-03-09T14:48:53.945Z,2026-03-09,ОЗМОЛЛ,7385440900064685,Cash,Тигр карамельный Коктейль,false,1,350,,false,0,9251,false
2026-03-09T14:38:16.471Z,2026-03-09,ОЗМОЛЛ,7385440900064685,Card,Тигр карамельный Коктейль,false,1,350,,false,0,9250,false
2026-03-09T14:37:17.192Z,2026-03-09,ОЗМОЛЛ,7385440900064685,Card,Капучино,false,1,250,,false,0,9249,false
2026-03-09T14:36:56.220Z,2026-03-09,ОЗМОЛЛ,7385440900064685,Card,Шоко-банан Коктейль,false,1,450,,false,0,9248,false
2026-03-09T14:16:49.131Z,2026-03-09,ОЗМОЛЛ,7385440900064685,Cash,Сникерс кофе,false,1,450,Алена,false,0,9245,false
2026-03-09T14:02:36.679Z,2026-03-09,ОЗМОЛЛ,7385440900064685,Cash,Капучино,false,1,250,,false,0,9243,false
2026-03-09T13:55:46.315Z,2026-03-09,ОЗМОЛЛ,7385440900064685,Card,Капучино,false,1,250,,false,0,9238,false
2026-03-09T13:55:46.315Z,2026-03-09,ОЗМОЛЛ,7385440900064685,Card,Печенье с предсказаниями,false,2,100,,false,0,9238,false
2026-03-09T13:34:13.330Z,2026-03-09,ОЗМОЛЛ,7385440900064685,Card,Моти Орео,false,1,250,,false,0,9240,false
2026-03-09T13:32:36.266Z,2026-03-09,ОЗМОЛЛ,7385440900064685,Cash,Корн-дог 50/50,false,1,400,,false,0,9239,false
2026-03-09T13:25:03.567Z,2026-03-09,ОЗМОЛЛ,7385440900064685,Card,Лаймовое яблоко лимонад,false,1,350,Вероника,false,0,9237,false
2026-03-09T13:15:59.817Z,2026-03-09,ОЗМОЛЛ,7385440900064685,Card,Американо,false,1,150,,false,0,9234,false
2026-03-09T13:05:02.257Z,2026-03-09,ОЗМОЛЛ,7385440900064685,Card,Капучино,false,1,250,,false,0,9235,false
2026-03-09T13:05:02.257Z,2026-03-09,ОЗМОЛЛ,7385440900064685,Card,Безлатнозное коровье молоко (Пармалат),false,1,100,,false,0,9235,true
2026-03-09T13:03:25.111Z,2026-03-09,ОЗМОЛЛ,7385440900064685,Card,Бабл-чай Соленая карамель,false,1,400,,false,0,9233,false
2026-03-09T12:49:38.933Z,2026-03-09,ОЗМОЛЛ,7385440900064685,Card,Бабл-чай Мятное яблоко,false,1,350,,false,0,9230,false
2026-03-09T12:48:30.926Z,2026-03-09,ОЗМОЛЛ,7385440900064685,Card,Манго Танго Лимонад,false,1,450,,false,0,9228,false
2026-03-09T12:48:30.926Z,2026-03-09,ОЗМОЛЛ,7385440900064685,Card,Моти Нутелла,false,1,250,,false,0,9228,false
2026-03-09T12:15:28.922Z,2026-03-09,ОЗМОЛЛ,7385440900064685,Card,Хеллоу Китти Коктейль,false,1,450,,false,0,9225,false
2026-03-09T10:50:59.733Z,2026-03-09,ОЗМОЛЛ,7385440900064685,Card,Лаймовое яблоко лимонад,false,1,350,,false,0,9224,false
2026-03-09T10:30:51.380Z,2026-03-09,ОЗМОЛЛ,7385440900064685,Online,Сникерс кофе,false,1,450,Онлайн З.,true,450,9222,false
2026-03-09T10:30:51.380Z,2026-03-09,ОЗМОЛЛ,7385440900064685,Online,Тирамису кофе,false,1,350,Онлайн З.,true,350,9222,false
2026-03-09T10:30:51.380Z,2026-03-09,ОЗМОЛЛ,7385440900064685,Online,Моти Манго,false,1,250,Онлайн З.,true,250,9222,false
2026-03-09T10:30:51.380Z,2026-03-09,ОЗМОЛЛ,7385440900064685,Online,Блинчики с мясом (2шт),false,1,250,Онлайн З.,true,250,9222,false
2026-03-08T21:44:48.810Z,2026-03-08,ОЗМОЛЛ,7385440900064685,Unknown,Списание- Чай жасмин 100мл,false,2,0,Списание,false,12,9219,false
2026-03-08T21:44:48.810Z,2026-03-08,ОЗМОЛЛ,7385440900064685,Unknown,Списание- Чай Ричард 100мл,false,5,0,Списание,false,20,9219,false
2026-03-08T21:34:18.028Z,2026-03-08,ОЗМОЛЛ,7385440900064685,Card,Крем Брюле Коктейль,false,1,450,,false,0,9218,false
2026-03-08T21:03:45.869Z,2026-03-08,ОЗМОЛЛ,7385440900064685,Card,Восходящее солнце лимонад,false,1,350,,false,0,9215,false
2026-03-08T20:50:00.791Z,2026-03-08,ОЗМОЛЛ,7385440900064685,Card,Тирамису кофе,false,1,350,,false,0,9216,false
2026-03-08T20:17:18.432Z,2026-03-08,ОЗМОЛЛ,7385440900064685,Cash,Корн-дог 50/50,false,2,800,,false,0,9212,false
2026-03-08T20:14:12.209Z,2026-03-08,ОЗМОЛЛ,7385440900064685,Card,Малина-банан Коктейль,false,1,350,,false,0,9206,false
2026-03-08T19:52:11.999Z,2026-03-08,ОЗМОЛЛ,7385440900064685,Card,Тигр карамельный Коктейль,false,1,350,,false,0,9210,false
2026-03-08T19:49:12.993Z,2026-03-08,ОЗМОЛЛ,7385440900064685,Card,Малина-банан Коктейль,false,1,350,,false,0,9209,false
2026-03-08T19:41:58.660Z,2026-03-08,ОЗМОЛЛ,7385440900064685,Card,Айс Латте Соленая Карамель,false,1,350,,false,0,9208,false
2026-03-08T19:37:26.443Z,2026-03-08,ОЗМОЛЛ,7385440900064685,Card,Кофе Брюле,false,1,450,,false,0,9207,false
2026-03-08T19:37:26.443Z,2026-03-08,ОЗМОЛЛ,7385440900064685,Card,Тирамису кофе,false,1,350,,false,0,9207,false
2026-03-08T19:04:32.219Z,2026-03-08,ОЗМОЛЛ,7385440900064685,Card,Бабл ти Лесные ягоды (чай),false,1,350,,false,0,9205,false
2026-03-08T19:03:06.685Z,2026-03-08,ОЗМОЛЛ,7385440900064685,Unknown,Корн-дог 50/50,false,2,0,Списание,false,800,9204,false
2026-03-08T18:35:12.109Z,2026-03-08,ОЗМОЛЛ,7385440900064685,Card,Лаймовое яблоко лимонад,false,1,350,,false,0,9202,false
2026-03-08T18:35:12.109Z,2026-03-08,ОЗМОЛЛ,7385440900064685,Card,Бабл-ти  Лаймовый (чай),false,1,300,,false,0,9202,false
2026-03-08T18:31:57.138Z,2026-03-08,ОЗМОЛЛ,7385440900064685,Card,Лаймовое яблоко лимонад,false,1,350,,false,0,9201,false
2026-03-08T18:31:57.138Z,2026-03-08,ОЗМОЛЛ,7385440900064685,Card,Бабл-чай Мятное яблоко,false,1,350,,false,0,9201,false
2026-03-08T18:03:02.793Z,2026-03-08,ОЗМОЛЛ,7385440900064685,Online,Моти Орео,false,3,750,Онлайн З.,true,750,9199,false
2026-03-08T18:03:02.793Z,2026-03-08,ОЗМОЛЛ,7385440900064685,Online,Моти Манго,false,3,750,Онлайн З.,true,750,9199,false
2026-03-08T18:03:02.793Z,2026-03-08,ОЗМОЛЛ,7385440900064685,Online,Моти Вишня,false,1,250,Онлайн З.,true,250,9199,false
2026-03-08T18:03:02.793Z,2026-03-08,ОЗМОЛЛ,7385440900064685,Online,Моти Нутелла,false,1,250,Онлайн З.,true,250,9199,false
2026-03-08T17:58:18.277Z,2026-03-08,ОЗМОЛЛ,7385440900064685,Card,Моти рафаэлло,false,1,250,,false,0,9198,false
2026-03-08T17:56:56.967Z,2026-03-08,ОЗМОЛЛ,7385440900064685,Card,Моти Нутелла,false,1,250,,false,0,9197,false
2026-03-08T17:50:32.412Z,2026-03-08,ОЗМОЛЛ,7385440900064685,Card,Лаймовое яблоко лимонад,false,1,350,,false,0,9196,false
2026-03-08T17:50:32.412Z,2026-03-08,ОЗМОЛЛ,7385440900064685,Card,Тигр карамельный Коктейль,false,1,350,,false,0,9196,false
2026-03-08T17:37:01.548Z,2026-03-08,ОЗМОЛЛ,7385440900064685,Card,Голубой Бабл-гам Коктейль,false,1,450,,false,0,9194,false
2026-03-08T17:37:01.548Z,2026-03-08,ОЗМОЛЛ,7385440900064685,Card,Корн-дог сосиска,false,1,350,,false,0,9194,false
2026-03-08T17:35:12.575Z,2026-03-08,ОЗМОЛЛ,7385440900064685,Card,Бабл-ти  Лаймовый (чай),false,1,300,,false,0,9193,false
2026-03-08T17:35:02.637Z,2026-03-08,ОЗМОЛЛ,7385440900064685,Card,Бабл айс-ти Малина (чай),false,1,300,,false,0,9192,false
2026-03-08T17:28:49.526Z,2026-03-08,ОЗМОЛЛ,7385440900064685,Card,Латте,false,1,250,,false,0,9191,false
2026-03-08T16:57:01.661Z,2026-03-08,ОЗМОЛЛ,7385440900064685,Card,Вишневая кислинка Лимонад,false,1,400,,false,0,9188,false
2026-03-08T16:43:57.521Z,2026-03-08,ОЗМОЛЛ,7385440900064685,Card,Капучино,false,2,500,,false,0,9187,false
2026-03-08T16:43:57.521Z,2026-03-08,ОЗМОЛЛ,7385440900064685,Card,Блинчики с крем-сыром (2шт),false,1,250,,false,0,9187,false
2026-03-08T15:56:21.210Z,2026-03-08,ОЗМОЛЛ,7385440900064685,Card,Капучино,false,1,250,,false,0,9182,false
2026-03-08T15:38:34.775Z,2026-03-08,ОЗМОЛЛ,7385440900064685,Card,Вишневая кислинка Лимонад,false,1,400,,false,0,9184,false
2026-03-08T15:38:34.775Z,2026-03-08,ОЗМОЛЛ,7385440900064685,Card,Восходящее солнце лимонад,false,1,350,,false,0,9184,false
2026-03-08T15:36:04.096Z,2026-03-08,ОЗМОЛЛ,7385440900064685,Card,Блинчики с нутеллой (2шт),false,1,250,,false,0,9183,false
2026-03-08T15:36:04.096Z,2026-03-08,ОЗМОЛЛ,7385440900064685,Card,Шоко-банан Коктейль,false,1,450,,false,0,9183,false
2026-03-08T15:29:15.794Z,2026-03-08,ОЗМОЛЛ,7385440900064685,Card,Моти Нутелла,false,2,500,,false,0,9181,false
2026-03-08T15:29:15.794Z,2026-03-08,ОЗМОЛЛ,7385440900064685,Card,Моти Орео,false,2,500,,false,0,9181,false
2026-03-08T15:29:04.331Z,2026-03-08,ОЗМОЛЛ,7385440900064685,Card,Блинчики с нутеллой (2шт),false,1,250,,false,0,9180,false
2026-03-08T15:24:02.437Z,2026-03-08,ОЗМОЛЛ,7385440900064685,Card,Моти рафаэлло,false,1,250,,false,0,9179,false
2026-03-08T14:59:43.973Z,2026-03-08,ОЗМОЛЛ,7385440900064685,Card,Американо,false,1,150,,false,0,9176,false
2026-03-08T14:59:43.973Z,2026-03-08,ОЗМОЛЛ,7385440900064685,Card,Бабл-ти  Лаймовый (чай),false,1,300,,false,0,9176,false
2026-03-08T14:52:57.021Z,2026-03-08,ОЗМОЛЛ,7385440900064685,Card,Куроми Коктейль,false,1,500,,false,0,9175,false
2026-03-08T14:37:10.650Z,2026-03-08,ОЗМОЛЛ,7385440900064685,Card,Манго Танго Лимонад,false,1,450,,false,0,9172,false
2026-03-08T14:16:38.141Z,2026-03-08,ОЗМОЛЛ,7385440900064685,Online,Моти Вишня,false,1,250,Онлайн З.,true,250,9173,false
2026-03-08T14:16:38.141Z,2026-03-08,ОЗМОЛЛ,7385440900064685,Online,Моти рафаэлло,false,1,250,Онлайн З.,true,250,9173,false
2026-03-08T14:16:38.141Z,2026-03-08,ОЗМОЛЛ,7385440900064685,Online,Корн-дог сосиска,false,1,350,Онлайн З.,true,350,9173,false
2026-03-08T14:16:38.141Z,2026-03-08,ОЗМОЛЛ,7385440900064685,Online,Корн-дог с сыром,false,1,350,Онлайн З.,true,350,9173,false
2026-03-08T14:16:38.141Z,2026-03-08,ОЗМОЛЛ,7385440900064685,Online,Крем Брюле Коктейль,false,1,450,Онлайн З.,true,450,9173,false
2026-03-08T13:19:43.808Z,2026-03-08,ОЗМОЛЛ,7385440900064685,Card,Малина-банан Коктейль,false,1,350,,false,0,9170,false
2026-03-08T12:13:31.140Z,2026-03-08,ОЗМОЛЛ,7385440900064685,Card,Моти сливочный,false,1,250,,false,0,9169,false
2026-03-08T12:13:31.140Z,2026-03-08,ОЗМОЛЛ,7385440900064685,Card,Моти Лесные ягоды,false,1,250,,false,0,9169,false
2026-03-08T11:34:49.339Z,2026-03-08,ОЗМОЛЛ,7385440900064685,Card,Латте,false,1,250,,false,0,9167,false
2026-03-08T11:23:52.085Z,2026-03-08,ОЗМОЛЛ,7385440900064685,Card,Бамбл,false,1,400,,false,0,9166,false
2026-03-07T21:37:13.832Z,2026-03-07,ОЗМОЛЛ,7385440900064685,Unknown,Списание- Чай Ричард 100мл,false,1,0,Списание,false,4,9163,false
2026-03-07T21:37:13.832Z,2026-03-07,ОЗМОЛЛ,7385440900064685,Unknown,Списание- Чай жасмин 100мл,false,2,0,Списание,false,12,9163,false
2026-03-07T21:36:24.090Z,2026-03-07,ОЗМОЛЛ,7385440900064685,Unknown,Списание- Тапиока 50 гр,false,4,0,Списание,false,2400,9162,false
2026-03-07T21:31:38.358Z,2026-03-07,ОЗМОЛЛ,7385440900064685,Card,Красный дракон лимонад,false,1,350,,false,0,9158,false
2026-03-07T19:30:59.219Z,2026-03-07,ОЗМОЛЛ,7385440900064685,Cash,Малиновый закат лимонад,false,1,350,,false,0,9156,false
2026-03-07T18:27:43.142Z,2026-03-07,ОЗМОЛЛ,7385440900064685,Cash,Сникерс кофе,false,2,900,,false,0,9157,false
2026-03-07T18:16:37.503Z,2026-03-07,ОЗМОЛЛ,7385440900064685,Cash,Сникерс кофе,false,1,450,,false,0,9155,false
2026-03-07T18:16:37.503Z,2026-03-07,ОЗМОЛЛ,7385440900064685,Cash,Сникерс кофе,false,1,450,,false,0,9155,false
2026-03-07T18:10:13.268Z,2026-03-07,ОЗМОЛЛ,7385440900064685,Card,Мармеладный мишка лимонад,false,1,400,,false,0,9154,false
2026-03-07T18:10:13.268Z,2026-03-07,ОЗМОЛЛ,7385440900064685,Card,Манго Танго Лимонад,false,1,450,,false,0,9154,false
2026-03-07T18:01:24.036Z,2026-03-07,ОЗМОЛЛ,7385440900064685,Cash,Моти Лесные ягоды,false,1,250,,false,0,9153,false
2026-03-07T18:01:24.036Z,2026-03-07,ОЗМОЛЛ,7385440900064685,Cash,Моти Нутелла,false,1,250,,false,0,9153,false
2026-03-07T17:49:00.465Z,2026-03-07,ОЗМОЛЛ,7385440900064685,Card,Капучино,false,1,250,,false,0,9152,false
2026-03-07T17:42:57.933Z,2026-03-07,ОЗМОЛЛ,7385440900064685,Card,Раф имбирный пряник,false,1,280,,false,70,9151,false
2026-03-07T17:40:55.781Z,2026-03-07,ОЗМОЛЛ,7385440900064685,Card,Лазурная бухта лимонад,false,1,400,,false,0,9150,false
2026-03-07T17:01:05.591Z,2026-03-07,ОЗМОЛЛ,7385440900064685,Card,Для комбо малина айс-ти,false,1,100,,false,150,9149,false
2026-03-07T17:01:05.591Z,2026-03-07,ОЗМОЛЛ,7385440900064685,Card,Корн-дог с сыром,false,1,350,,false,0,9149,false
2026-03-07T16:52:23.480Z,2026-03-07,ОЗМОЛЛ,7385440900064685,Unknown,Корн-дог с сыром,false,1,0,Списание,false,350,9148,false
2026-03-07T16:41:15.103Z,2026-03-07,ОЗМОЛЛ,7385440900064685,Card,Американо,false,1,150,,false,0,9147,false
2026-03-07T16:41:15.103Z,2026-03-07,ОЗМОЛЛ,7385440900064685,Card,Латте,false,1,250,,false,0,9147,false
2026-03-07T16:36:16.837Z,2026-03-07,ОЗМОЛЛ,7385440900064685,Card,Моти Нутелла,false,1,250,,false,0,9146,false
2026-03-07T16:34:44.759Z,2026-03-07,ОЗМОЛЛ,7385440900064685,Card,Бабл чай Остров манго,false,1,400,,false,0,9144,false
2026-03-07T16:31:45.137Z,2026-03-07,ОЗМОЛЛ,7385440900064685,Unknown,Корн-дог сосиска,false,1,0,списание,false,350,9143,false
2026-03-07T16:23:26.712Z,2026-03-07,ОЗМОЛЛ,7385440900064685,Card,Корн-дог сосиска,false,1,350,,false,0,9142,false
2026-03-07T15:36:04.640Z,2026-03-07,ОЗМОЛЛ,7385440900064685,Card,Айс Латте Соленая Карамель,false,1,350,,false,0,9141,false
2026-03-07T15:19:59.917Z,2026-03-07,ОЗМОЛЛ,7385440900064685,Card,Лазурная бухта лимонад,false,1,400,,false,0,9140,false
2026-03-07T15:14:19.204Z,2026-03-07,ОЗМОЛЛ,7385440900064685,Card,Бабл-ти Лавандовый (чай),false,1,350,,false,0,9139,false
2026-03-07T14:56:20.864Z,2026-03-07,ОЗМОЛЛ,7385440900064685,Card,Тигр карамельный Коктейль,false,1,350,,false,0,9137,false
2026-03-07T14:56:20.864Z,2026-03-07,ОЗМОЛЛ,7385440900064685,Card,Бабл-ти Сочная маракуйя (чай),false,1,400,,false,0,9137,false
2026-03-07T14:52:29.918Z,2026-03-07,ОЗМОЛЛ,7385440900064685,Card,Крем Брюле Коктейль,false,1,450,,false,0,9136,false
2026-03-07T14:37:24.217Z,2026-03-07,ОЗМОЛЛ,7385440900064685,Card,Красный дракон лимонад,false,1,350,,false,0,9135,false
2026-03-07T14:33:00.957Z,2026-03-07,ОЗМОЛЛ,7385440900064685,Card,Манго Танго Лимонад,false,1,450,,false,0,9134,false
2026-03-07T14:14:55.632Z,2026-03-07,ОЗМОЛЛ,7385440900064685,Card,Латте,false,1,250,,false,0,9133,false
2026-03-07T14:00:39.744Z,2026-03-07,ОЗМОЛЛ,7385440900064685,Card,Корн-дог 50/50,false,1,400,,false,0,9131,false
2026-03-07T14:00:39.744Z,2026-03-07,ОЗМОЛЛ,7385440900064685,Card,Печенье с предсказаниями,false,1,50,,false,0,9131,false
2026-03-07T13:53:55.591Z,2026-03-07,ОЗМОЛЛ,7385440900064685,Card,Бабл чай Остров манго,false,1,400,,false,0,9130,false
2026-03-07T13:36:36.362Z,2026-03-07,ОЗМОЛЛ,7385440900064685,Cash,Голубой Бабл-гам Коктейль,false,1,450,,false,0,9129,false
2026-03-07T13:31:09.906Z,2026-03-07,ОЗМОЛЛ,7385440900064685,Card,Бабл-чай Соленая карамель,false,1,400,,false,0,9127,false
2026-03-07T13:24:13.355Z,2026-03-07,ОЗМОЛЛ,7385440900064685,Card,Американо,false,1,150,,false,0,9126,false
2026-03-07T13:16:06.243Z,2026-03-07,ОЗМОЛЛ,7385440900064685,Card,Лазурная бухта лимонад,false,1,400,,false,0,9124,false
2026-03-07T13:16:06.243Z,2026-03-07,ОЗМОЛЛ,7385440900064685,Card,Бабл-чай Соленая карамель,false,1,400,,false,0,9124,false
2026-03-07T13:15:51.611Z,2026-03-07,ОЗМОЛЛ,7385440900064685,Card,Бабл-чай Мятное яблоко,false,1,350,,false,0,9123,false
2026-03-07T12:13:27.005Z,2026-03-07,ОЗМОЛЛ,7385440900064685,Card,Капучино,false,1,250,,false,0,9121,false
2026-03-07T11:53:20.022Z,2026-03-07,ОЗМОЛЛ,7385440900064685,Card,Голубой Бабл-гам Коктейль,false,1,450,,false,0,9120,false
2026-03-07T11:51:16.087Z,2026-03-07,ОЗМОЛЛ,7385440900064685,Card,Манго кофе,false,1,450,,false,0,9119,false
2026-03-07T11:51:16.087Z,2026-03-07,ОЗМОЛЛ,7385440900064685,Card,Корн-дог 50/50,false,1,400,,false,0,9119,false
2026-03-07T11:05:28.146Z,2026-03-07,ОЗМОЛЛ,7385440900064685,Card,Капучино,false,1,250,,false,0,9118,false
2026-03-07T11:05:28.146Z,2026-03-07,ОЗМОЛЛ,7385440900064685,Card,Бабл-ти Смородина мята (чай),false,1,400,,false,0,9118,false
2026-03-07T09:24:49.016Z,2026-03-07,ОЗМОЛЛ,7385440900064685,Unknown,Списание- Тапиока 50 гр,false,2,0,списание,false,1200,9117,false
2026-03-07T09:24:49.016Z,2026-03-07,ОЗМОЛЛ,7385440900064685,Unknown,Списание- Чай зеленый Сенча 14гр,false,1,0,списание,false,2,9117,false
2026-03-07T09:24:49.016Z,2026-03-07,ОЗМОЛЛ,7385440900064685,Unknown,Списание- Чай Ричард 100мл,false,1,0,списание,false,4,9117,false
2026-03-07T09:21:50.834Z,2026-03-07,ОЗМОЛЛ,7385440900064685,Cash,Списание- Чай Ричард 100мл,true,-1,-4,,false,0,9115,false
2026-03-07T09:21:29.086Z,2026-03-07,ОЗМОЛЛ,7385440900064685,Cash,Списание- Чай зеленый Сенча 14гр,true,-1,-2,,false,0,9114,false
2026-03-07T09:20:44.547Z,2026-03-07,ОЗМОЛЛ,7385440900064685,Cash,Списание- Тапиока 50 гр,true,-1,-600,,false,0,9113,false
2026-03-06T21:53:30.727Z,2026-03-06,ОЗМОЛЛ,7385440900064685,Cash,Списание- Тапиока 50 гр,false,1,600,,false,0,9107,false
2026-03-06T21:53:22.162Z,2026-03-06,ОЗМОЛЛ,7385440900064685,Cash,Списание- Чай зеленый Сенча 14гр,false,1,2,,false,0,9106,false
2026-03-06T21:53:05.560Z,2026-03-06,ОЗМОЛЛ,7385440900064685,Cash,Списание- Чай Ричард 100мл,false,1,4,,false,0,9105,false
2026-03-06T21:02:22.487Z,2026-03-06,ОЗМОЛЛ,7385440900064685,Cash,Печенье с предсказаниями,false,1,50,,false,0,9104,false
2026-03-06T20:21:59.785Z,2026-03-06,ОЗМОЛЛ,7385440900064685,Card,Бодрящий апельсин Лимонад,false,1,450,,false,0,9103,false
2026-03-06T20:21:59.785Z,2026-03-06,ОЗМОЛЛ,7385440900064685,Card,Манго Танго Лимонад,false,1,450,,false,0,9103,false
2026-03-06T18:31:39.308Z,2026-03-06,ОЗМОЛЛ,7385440900064685,Card,Латте,false,1,250,,false,0,9101,false
2026-03-06T18:31:39.308Z,2026-03-06,ОЗМОЛЛ,7385440900064685,Card,Капучино,false,1,250,,false,0,9101,false
2026-03-06T17:43:52.604Z,2026-03-06,ОЗМОЛЛ,7385440900064685,Cash,Корн-дог сосиска,false,1,350,,false,0,9100,false
2026-03-06T17:43:52.604Z,2026-03-06,ОЗМОЛЛ,7385440900064685,Cash,Корн-дог картошка сосиска,false,1,350,,false,0,9100,false
2026-03-06T16:16:28.348Z,2026-03-06,ОЗМОЛЛ,7385440900064685,Card,Бабл ти Лесные ягоды (чай),false,1,350,,false,0,9097,false
2026-03-06T15:01:14.593Z,2026-03-06,ОЗМОЛЛ,7385440900064685,Cash,Списание- Тапиока 50 гр,false,1,600,,false,0,9096,false
2026-03-06T12:25:52.195Z,2026-03-06,ОЗМОЛЛ,7385440900064685,Card,Капучино,false,2,500,,false,0,9094,false
2026-03-05T21:53:11.278Z,2026-03-05,ОЗМОЛЛ,7385440900064685,Unknown,Списание- Чай жасмин 100мл,false,8,0,Списание,false,48,9091,false
2026-03-05T21:50:01.199Z,2026-03-05,ОЗМОЛЛ,7385440900064685,Unknown,Списание- Чай Ричард 100мл,false,6,0,Списание,false,24,9090,false
2026-03-05T21:47:38.226Z,2026-03-05,ОЗМОЛЛ,7385440900064685,Unknown,Списание- Тапиока 50 гр,false,3,0,Списание,false,1800,9089,false
2026-03-05T21:43:48.025Z,2026-03-05,ОЗМОЛЛ,7385440900064685,Unknown,Печенье с предсказаниями,false,1,0,Списание,false,50,9088,false
2026-03-05T19:26:02.426Z,2026-03-05,ОЗМОЛЛ,7385440900064685,Card,Американо,false,1,150,,false,0,9086,false
2026-03-05T18:37:11.650Z,2026-03-05,ОЗМОЛЛ,7385440900064685,Card,Бабл ти Лесные ягоды (чай),false,1,350,,false,0,9085,false
2026-03-05T18:19:17.240Z,2026-03-05,ОЗМОЛЛ,7385440900064685,Card,Айс Латте Соленая Карамель,false,1,350,,false,0,9084,false
2026-03-05T18:02:16.970Z,2026-03-05,ОЗМОЛЛ,7385440900064685,Unknown,Списание- Тапиока 50 гр,false,1,0,Списание,false,600,9083,false
2026-03-05T17:03:38.587Z,2026-03-05,ОЗМОЛЛ,7385440900064685,Card,Айс Латте Соленая Карамель,false,1,175,Виолетта,false,175,9082,false
2026-03-05T16:48:55.562Z,2026-03-05,ОЗМОЛЛ,7385440900064685,Unknown,Капучино,false,1,0,Списание,false,250,9081,false
2026-03-05T15:35:19.995Z,2026-03-05,ОЗМОЛЛ,7385440900064685,Card,Шоко-банан Коктейль,false,1,450,,false,0,9079,false
2026-03-05T15:35:19.995Z,2026-03-05,ОЗМОЛЛ,7385440900064685,Card,Капучино,false,1,250,,false,0,9079,false
2026-03-05T15:35:19.995Z,2026-03-05,ОЗМОЛЛ,7385440900064685,Card,Чжун Ли шоколадный Коктейль,false,1,450,,false,0,9079,false
2026-03-05T14:14:16.201Z,2026-03-05,ОЗМОЛЛ,7385440900064685,Online,Блинчики с нутеллой (2шт),false,3,750,Онлайн З.,true,750,9077,false
2026-03-05T14:12:45.233Z,2026-03-05,ОЗМОЛЛ,7385440900064685,Unknown,Блинчики с нутеллой (2шт),true,-1,0,Списание,false,250,9076,false
2026-03-05T14:12:45.233Z,2026-03-05,ОЗМОЛЛ,7385440900064685,Unknown,Блинчики с нутеллой (2шт),true,-1,0,Списание,false,250,9076,false
2026-03-05T14:12:45.233Z,2026-03-05,ОЗМОЛЛ,7385440900064685,Unknown,Блинчики с нутеллой (2шт),true,-1,0,Списание,false,250,9076,false
2026-03-05T13:56:42.139Z,2026-03-05,ОЗМОЛЛ,7385440900064685,Online,Мокка фраппучино,false,1,350,Онлайн З.,true,350,9074,false
2026-03-05T13:56:42.139Z,2026-03-05,ОЗМОЛЛ,7385440900064685,Online,Корн-дог сосиска,false,1,350,Онлайн З.,true,350,9074,false
2026-03-05T13:56:42.139Z,2026-03-05,ОЗМОЛЛ,7385440900064685,Online,Корн-дог сосиска,false,1,350,Онлайн З.,true,350,9074,false
2026-03-05T13:56:42.139Z,2026-03-05,ОЗМОЛЛ,7385440900064685,Online,Моти Нутелла,false,1,250,Онлайн З.,true,250,9074,false
2026-03-05T13:56:42.139Z,2026-03-05,ОЗМОЛЛ,7385440900064685,Online,Моти Лесные ягоды,false,1,250,Онлайн З.,true,250,9074,false
2026-03-05T13:38:44.944Z,2026-03-05,ОЗМОЛЛ,7385440900064685,Card,Мокка фраппучино,false,1,350,,false,0,9073,false
2026-03-05T12:59:33.550Z,2026-03-05,ОЗМОЛЛ,7385440900064685,Card,Мокка фраппучино,false,1,280,,false,70,9072,false
2026-03-05T12:59:33.550Z,2026-03-05,ОЗМОЛЛ,7385440900064685,Card,Моти Нутелла,false,1,200,,false,50,9072,false
2026-03-05T12:45:19.502Z,2026-03-05,ОЗМОЛЛ,7385440900064685,Card,Лаймовое яблоко лимонад,false,1,350,,false,0,9070,false
2026-03-04T21:58:06.451Z,2026-03-04,ОЗМОЛЛ,7385440900064685,Unknown,Списание- Чай Ричард 100мл,false,6,0,Списание,false,24,9067,false
2026-03-04T21:56:26.811Z,2026-03-04,ОЗМОЛЛ,7385440900064685,Unknown,Списание- Тапиока 50 гр,false,1,0,Списание,false,600,9066,false
2026-03-04T21:54:06.563Z,2026-03-04,ОЗМОЛЛ,7385440900064685,Unknown,Списание- Чай жасмин 100мл,false,5,0,Списание,false,30,9065,false
2026-03-04T21:29:34.718Z,2026-03-04,ОЗМОЛЛ,7385440900064685,Card,Бабл-чай Мятное яблоко,false,1,350,,false,0,9064,false
2026-03-04T20:11:44.940Z,2026-03-04,ОЗМОЛЛ,7385440900064685,Card,Лазурная бухта лимонад,false,1,400,,false,0,9062,false
2026-03-04T20:11:44.940Z,2026-03-04,ОЗМОЛЛ,7385440900064685,Card,Манго Танго Лимонад,false,1,450,,false,0,9062,false
2026-03-04T20:07:50.350Z,2026-03-04,ОЗМОЛЛ,7385440900064685,Card,Раф имбирный пряник,false,1,280,,false,70,9061,false
2026-03-04T19:46:19.733Z,2026-03-04,ОЗМОЛЛ,7385440900064685,Card,Шторм на пляже Коктейль,false,1,400,,false,0,9058,false
2026-03-04T19:35:23.236Z,2026-03-04,ОЗМОЛЛ,7385440900064685,Unknown,Списание- Тапиока 50 гр,false,2,0,Списание,false,1200,9055,false
2026-03-04T19:07:43.476Z,2026-03-04,ОЗМОЛЛ,7385440900064685,Card,Банановая матча Коктейль,false,1,450,,false,0,9054,false
2026-03-04T19:07:43.476Z,2026-03-04,ОЗМОЛЛ,7385440900064685,Card,Бабл айс-ти Малина (чай),false,1,300,,false,0,9054,false
2026-03-04T18:33:03.690Z,2026-03-04,ОЗМОЛЛ,7385440900064685,Card,Корейский кофе,false,1,400,,false,0,9053,false
2026-03-04T17:16:52.786Z,2026-03-04,ОЗМОЛЛ,7385440900064685,Card,Бабл ти Лесные ягоды (чай),false,1,350,,false,0,9051,false
2026-03-04T17:05:12.414Z,2026-03-04,ОЗМОЛЛ,7385440900064685,Card,Корн-дог 50/50,false,1,320,,false,80,9050,false
2026-03-04T16:58:17.142Z,2026-03-04,ОЗМОЛЛ,7385440900064685,Cash,Американо,false,1,150,,false,0,9049,false
2026-03-04T15:54:07.058Z,2026-03-04,ОЗМОЛЛ,7385440900064685,Unknown,Блинчики с нутеллой (2шт),false,1,0,Списание,false,250,9047,false
2026-03-04T15:54:07.058Z,2026-03-04,ОЗМОЛЛ,7385440900064685,Unknown,Блинчики с нутеллой (2шт),false,1,0,Списание,false,250,9047,false
2026-03-04T15:54:07.058Z,2026-03-04,ОЗМОЛЛ,7385440900064685,Unknown,Блинчики с нутеллой (2шт),false,1,0,Списание,false,250,9047,false
2026-03-04T15:26:19.162Z,2026-03-04,ОЗМОЛЛ,7385440900064685,Card,Корн-дог с сыром,false,1,350,,false,0,9045,false
2026-03-04T15:12:15.461Z,2026-03-04,ОЗМОЛЛ,7385440900064685,Cash,Капучино,false,2,500,,false,0,9043,false
2026-03-04T14:47:01.289Z,2026-03-04,ОЗМОЛЛ,7385440900064685,Cash,Капучино,false,2,500,,false,0,9042,false
2026-03-04T12:21:10.078Z,2026-03-04,ОЗМОЛЛ,7385440900064685,Online,Корейский кофе,false,1,400,Онлайн З.,true,400,9038,false
2026-03-04T12:21:10.078Z,2026-03-04,ОЗМОЛЛ,7385440900064685,Online,Порция тапиоки,false,1,50,Онлайн З.,true,50,9038,true
2026-03-04T11:14:33.215Z,2026-03-04,ОЗМОЛЛ,7385440900064685,Card,Капучино,false,1,250,,false,0,9037,false
2026-03-03T21:58:12.647Z,2026-03-03,ОЗМОЛЛ,7385440900064685,Unknown,Списание- Чай Ричард 100мл,false,8.44,0,Списание,false,33.76,9034,false
2026-03-03T21:56:50.653Z,2026-03-03,ОЗМОЛЛ,7385440900064685,Unknown,Списание- Чай жасмин 100мл,false,7.61,7.105427357601002e-15,Списание,false,45.66,9033,false
2026-03-03T21:49:45.893Z,2026-03-03,ОЗМОЛЛ,7385440900064685,Unknown,Списание- Тапиока 50 гр,false,3.28,-2.2737367544323206e-13,Списание,false,1968,9032,false
2026-03-03T21:31:55.683Z,2026-03-03,ОЗМОЛЛ,7385440900064685,Card,Чжун Ли шоколадный Коктейль,false,1,450,,false,0,9031,false
2026-03-03T21:31:55.683Z,2026-03-03,ОЗМОЛЛ,7385440900064685,Card,Принцесса Персиков Коктейль,false,1,350,,false,0,9031,false
2026-03-03T20:36:45.207Z,2026-03-03,ОЗМОЛЛ,7385440900064685,Card,Корн-дог с сыром,false,1,350,,false,0,9030,false
2026-03-03T20:36:45.207Z,2026-03-03,ОЗМОЛЛ,7385440900064685,Card,Корн-дог с сыром,false,1,350,,false,0,9030,false
2026-03-03T20:36:45.207Z,2026-03-03,ОЗМОЛЛ,7385440900064685,Card,Корн-дог сосиска,false,1,350,,false,0,9030,false
2026-03-03T19:42:06.996Z,2026-03-03,ОЗМОЛЛ,7385440900064685,Unknown,Списание- Тапиока 50 гр,false,6.84,0,Списание,false,4104,9029,false
2026-03-03T17:14:18.532Z,2026-03-03,ОЗМОЛЛ,7385440900064685,Online,Восходящее солнце лимонад,false,1,350,Онлайн З.,true,350,9027,false
2026-03-03T16:41:30.844Z,2026-03-03,ОЗМОЛЛ,7385440900064685,Card,Айс Латте Малина,false,1,175,кушнарева э.а.,false,175,9026,false
2026-03-03T16:23:42.185Z,2026-03-03,ОЗМОЛЛ,7385440900064685,Unknown,Списание- Тапиока 50 гр,false,1,0,Списание,false,600,9025,false
2026-03-03T15:56:20.460Z,2026-03-03,ОЗМОЛЛ,7385440900064685,Online,Бамбл,false,1,400,Онлайн З.,true,400,9021,false
2026-03-03T15:56:20.460Z,2026-03-03,ОЗМОЛЛ,7385440900064685,Online,Тирамису кофе,false,1,350,Онлайн З.,true,350,9021,false
2026-03-03T15:56:20.460Z,2026-03-03,ОЗМОЛЛ,7385440900064685,Online,Восходящее солнце лимонад,false,1,350,Онлайн З.,true,350,9021,false
2026-03-03T15:56:20.460Z,2026-03-03,ОЗМОЛЛ,7385440900064685,Online,Моти Манго,false,1,250,Онлайн З.,true,250,9021,false
2026-03-03T15:56:20.460Z,2026-03-03,ОЗМОЛЛ,7385440900064685,Online,Моти Орео,false,1,250,Онлайн З.,true,250,9021,false
2026-03-03T15:52:34.388Z,2026-03-03,ОЗМОЛЛ,7385440900064685,Card,Блинчики с крем-сыром (2шт),false,1,250,,false,0,9019,false
2026-03-03T15:52:34.388Z,2026-03-03,ОЗМОЛЛ,7385440900064685,Card,Капучино,false,1,250,,false,0,9019,false
2026-03-03T15:52:34.388Z,2026-03-03,ОЗМОЛЛ,7385440900064685,Card,Списание-сироп соленая карамель 5мл,false,1,3,,false,0,9019,false
2026-03-03T13:07:56.010Z,2026-03-03,ОЗМОЛЛ,7385440900064685,Card,Сникерс кофе,false,2,900,,false,0,9009,false
2026-03-03T11:53:08.255Z,2026-03-03,ОЗМОЛЛ,7385440900064685,Cash,Айс Латте Малина,false,1,350,,false,0,9006,false
2026-03-03T11:53:08.255Z,2026-03-03,ОЗМОЛЛ,7385440900064685,Cash,Бабл-ти  Лаймовый (чай),false,1,350,,false,0,9006,false
2026-03-03T11:53:08.255Z,2026-03-03,ОЗМОЛЛ,7385440900064685,Cash,Красный дракон лимонад,false,1,350,,false,0,9006,false
2026-03-03T11:44:12.848Z,2026-03-03,ОЗМОЛЛ,7385440900064685,Card,Американо,false,1,150,,false,0,9005,false
2026-03-03T11:30:05.490Z,2026-03-03,ОЗМОЛЛ,7385440900064685,Online,Сникерс кофе,false,1,450,Онлайн З.,true,450,9001,false
2026-03-03T11:30:05.490Z,2026-03-03,ОЗМОЛЛ,7385440900064685,Online,Моти Манго,false,1,250,Онлайн З.,true,250,9001,false
2026-03-03T11:30:05.490Z,2026-03-03,ОЗМОЛЛ,7385440900064685,Online,Корн-дог 50/50,false,1,400,Онлайн З.,true,400,9001,false
2026-03-03T11:18:00.454Z,2026-03-03,ОЗМОЛЛ,7385440900064685,Unknown,Списание- Чай жасмин 100мл,true,-9,0,Списание,false,54,9000,false
2026-03-03T11:16:12.837Z,2026-03-03,ОЗМОЛЛ,7385440900064685,Unknown,Сникерс кофе,true,-1,0,Списание,false,450,8999,false
2026-03-03T11:16:12.837Z,2026-03-03,ОЗМОЛЛ,7385440900064685,Unknown,Моти Манго,true,-1,0,Списание,false,250,8999,false
2026-03-03T11:16:12.837Z,2026-03-03,ОЗМОЛЛ,7385440900064685,Unknown,Корн-дог 50/50,true,-1,0,Списание,false,400,8999,false
2026-03-02T21:49:14.263Z,2026-03-02,ОЗМОЛЛ,7385440900064685,Unknown,Списание- Чай Ричард 100мл,false,8,0,Списание,false,32,8994,false
2026-03-02T21:47:22.631Z,2026-03-02,ОЗМОЛЛ,7385440900064685,Unknown,Списание- Чай жасмин 100мл,false,9,0,Списание,false,54,8993,false
2026-03-02T21:46:32.635Z,2026-03-02,ОЗМОЛЛ,7385440900064685,Cash,Списание- Чай жасмин 100мл,false,9,54,,false,0,8992,false
2026-03-02T20:50:48.340Z,2026-03-02,ОЗМОЛЛ,7385440900064685,Card,Айс Латте Малина,false,1,350,,false,0,8991,false
2026-03-02T20:50:48.340Z,2026-03-02,ОЗМОЛЛ,7385440900064685,Card,Сникерс кофе,false,1,450,,false,0,8991,false
2026-03-02T19:27:46.148Z,2026-03-02,ОЗМОЛЛ,7385440900064685,Unknown,Списание- Тапиока 50 гр,false,4,0,Списание,false,2400,8990,false
2026-03-02T18:01:36.876Z,2026-03-02,ОЗМОЛЛ,7385440900064685,Unknown,Корн-дог 50/50,false,1,0,Списание,false,400,8989,false
2026-03-02T17:50:16.040Z,2026-03-02,ОЗМОЛЛ,7385440900064685,Unknown,Печенье с предсказаниями,false,1,0,,false,50,8988,false
2026-03-02T17:44:09.900Z,2026-03-02,ОЗМОЛЛ,7385440900064685,Unknown,Сникерс кофе,false,1,0,Списание,false,450,8987,false
2026-03-02T17:44:09.900Z,2026-03-02,ОЗМОЛЛ,7385440900064685,Unknown,Моти Манго,false,1,0,Списание,false,250,8987,false
2026-03-02T17:44:09.900Z,2026-03-02,ОЗМОЛЛ,7385440900064685,Unknown,Корн-дог 50/50,false,1,0,Списание,false,400,8987,false
2026-03-02T16:43:54.837Z,2026-03-02,ОЗМОЛЛ,7385440900064685,Card,Айс Латте Соленая Карамель,false,1,175,Лузан В.,false,175,8984,false
2026-03-02T15:41:06.002Z,2026-03-02,ОЗМОЛЛ,7385440900064685,Unknown,Списание- Тапиока 50 гр,false,6,0,Списание,false,3600,8983,false
2026-03-02T15:15:49.152Z,2026-03-02,ОЗМОЛЛ,7385440900064685,Card,Мокка фраппучино,false,1,350,,false,0,8981,false
2026-03-02T14:55:12.946Z,2026-03-02,ОЗМОЛЛ,7385440900064685,Card,Латте,false,1,125,Яна,false,125,8980,false
2026-03-02T14:40:07.296Z,2026-03-02,ОЗМОЛЛ,7385440900064685,Card,Корн-дог 50/50,false,2,800,,false,0,8979,false
2026-03-02T14:31:06.650Z,2026-03-02,ОЗМОЛЛ,7385440900064685,Card,Бабл ти Лесные ягоды (чай),false,1,350,,false,0,8978,false
2026-03-02T13:29:14.684Z,2026-03-02,ОЗМОЛЛ,7385440900064685,Card,Корн-дог сосиска,false,1,350,,false,0,8977,false
2026-03-02T13:17:46.793Z,2026-03-02,ОЗМОЛЛ,7385440900064685,Card,Раф имбирный пряник,false,1,175,Яна,false,175,8976,false
2026-03-02T12:29:44.202Z,2026-03-02,ОЗМОЛЛ,7385440900064685,Card,Капучино,false,1,250,,false,0,8975,false
2026-03-02T12:29:44.202Z,2026-03-02,ОЗМОЛЛ,7385440900064685,Card,Капучино,false,1,250,,false,0,8975,false
2026-03-02T12:29:44.202Z,2026-03-02,ОЗМОЛЛ,7385440900064685,Card,Безлатнозное коровье молоко (Пармалат),false,1,100,,false,0,8975,true
2026-03-01T21:41:14.368Z,2026-03-01,ОЗМОЛЛ,7385440900064685,Unknown,Списание- Тапиока 50 гр,false,13,0,Списание,false,7800,8972,false
2026-03-01T21:41:14.368Z,2026-03-01,ОЗМОЛЛ,7385440900064685,Unknown,Списание- Чай Ричард 100мл,false,7,0,Списание,false,28,8972,false
2026-03-01T21:41:14.368Z,2026-03-01,ОЗМОЛЛ,7385440900064685,Unknown,Списание- Чай жасмин 100мл,false,4,0,Списание,false,24,8972,false
2026-03-01T21:31:50.842Z,2026-03-01,ОЗМОЛЛ,7385440900064685,Card,Бабл ти Лесные ягоды (чай),false,1,350,,false,0,8971,false
2026-03-01T21:02:21.111Z,2026-03-01,ОЗМОЛЛ,7385440900064685,Card,Корн-дог с сыром,false,1,350,,false,0,8970,false
2026-03-01T21:02:21.111Z,2026-03-01,ОЗМОЛЛ,7385440900064685,Card,Корн-дог 50/50,false,1,400,,false,0,8970,false
2026-03-01T19:30:22.182Z,2026-03-01,ОЗМОЛЛ,7385440900064685,Card,Кофе Брюле,false,1,450,,false,0,8967,false
2026-03-01T19:24:56.020Z,2026-03-01,ОЗМОЛЛ,7385440900064685,Card,Голубой Бабл-гам Коктейль,false,1,450,,false,0,8966,false
2026-03-01T19:16:17.671Z,2026-03-01,ОЗМОЛЛ,7385440900064685,Card,Манго кофе,false,1,450,,false,0,8965,false
2026-03-01T19:01:27.429Z,2026-03-01,ОЗМОЛЛ,7385440900064685,Card,Корн-дог сосиска,false,1,350,,false,0,8964,false
2026-03-01T18:19:30.571Z,2026-03-01,ОЗМОЛЛ,7385440900064685,Card,Куроми Коктейль,false,1,500,,false,0,8962,false
2026-03-01T18:09:08.190Z,2026-03-01,ОЗМОЛЛ,7385440900064685,Card,Тигр карамельный Коктейль,false,1,350,,false,0,8960,false
2026-03-01T18:09:08.190Z,2026-03-01,ОЗМОЛЛ,7385440900064685,Card,Бабл-ти Лавандовый (чай),false,1,350,,false,0,8960,false
2026-03-01T17:36:47.199Z,2026-03-01,ОЗМОЛЛ,7385440900064685,Card,Бабл-ти  Лаймовый (чай),false,1,300,,false,0,8959,false
2026-03-01T17:23:45.936Z,2026-03-01,ОЗМОЛЛ,7385440900064685,Card,Манго Танго Лимонад,false,1,450,,false,0,8957,false
2026-03-01T17:23:45.936Z,2026-03-01,ОЗМОЛЛ,7385440900064685,Card,Восходящее солнце лимонад,false,1,350,,false,0,8957,false
2026-03-01T17:10:08.864Z,2026-03-01,ОЗМОЛЛ,7385440900064685,Cash,Капучино,false,2,500,,false,0,8956,false
2026-03-01T17:07:00.242Z,2026-03-01,ОЗМОЛЛ,7385440900064685,Card,Айс Латте Соленая Карамель,false,1,350,,false,0,8955,false
2026-03-01T16:54:56.993Z,2026-03-01,ОЗМОЛЛ,7385440900064685,Card,Американо,false,1,150,,false,0,8954,false
2026-03-01T16:20:54.149Z,2026-03-01,ОЗМОЛЛ,7385440900064685,Card,Манго кофе,false,1,450,,false,0,8953,false
2026-03-01T16:19:00.784Z,2026-03-01,ОЗМОЛЛ,7385440900064685,Card,Крем Брюле Коктейль,false,1,450,,false,0,8952,false
2026-03-01T15:34:54.714Z,2026-03-01,ОЗМОЛЛ,7385440900064685,Card,Корн-дог с сыром,false,1,350,,false,0,8950,false
2026-03-01T15:34:54.714Z,2026-03-01,ОЗМОЛЛ,7385440900064685,Card,Корн-дог сосиска,false,1,350,,false,0,8950,false
2026-03-01T15:28:10.914Z,2026-03-01,ОЗМОЛЛ,7385440900064685,Card,Лаймовое яблоко лимонад,false,1,350,,false,0,8949,false
2026-03-01T15:17:03.321Z,2026-03-01,ОЗМОЛЛ,7385440900064685,Card,Малиновый закат лимонад,false,1,350,,false,0,8948,false
2026-03-01T15:16:09.954Z,2026-03-01,ОЗМОЛЛ,7385440900064685,Unknown,Списание- Тапиока 50 гр,false,7,0,Списание,false,4200,8947,false
2026-03-01T14:56:01.160Z,2026-03-01,ОЗМОЛЛ,7385440900064685,Card,Капучино,false,1,250,,false,0,8946,false
2026-03-01T14:56:01.160Z,2026-03-01,ОЗМОЛЛ,7385440900064685,Card,Американо,false,1,150,,false,0,8946,false
2026-03-01T14:55:19.004Z,2026-03-01,ОЗМОЛЛ,7385440900064685,Unknown,Печенье с предсказаниями,false,1,0,Списание,false,50,8945,false
2026-03-01T14:32:08.570Z,2026-03-01,ОЗМОЛЛ,7385440900064685,Card,Бабл-ти Сочная маракуйя (чай),false,1,400,,false,0,8944,false
2026-03-01T14:21:50.901Z,2026-03-01,ОЗМОЛЛ,7385440900064685,Card,Тирамису кофе,false,1,350,,false,0,8942,false
2026-03-01T14:10:12.901Z,2026-03-01,ОЗМОЛЛ,7385440900064685,Card,Айс Латте Соленая Карамель,false,1,350,,false,0,8941,false
2026-03-01T14:04:13.618Z,2026-03-01,ОЗМОЛЛ,7385440900064685,Card,Малина-банан Коктейль,false,1,350,,false,0,8940,false
2026-03-01T13:36:04.240Z,2026-03-01,ОЗМОЛЛ,7385440900064685,Card,Корн-дог сосиска,false,1,350,,false,0,8938,false
2026-03-01T13:36:04.240Z,2026-03-01,ОЗМОЛЛ,7385440900064685,Card,Корн-дог с сыром,false,1,350,,false,0,8938,false
2026-03-01T13:27:13.948Z,2026-03-01,ОЗМОЛЛ,7385440900064685,Unknown,Корн-дог 50/50,false,2,0,Списание,false,800,8937,false
2026-03-01T13:20:11.381Z,2026-03-01,ОЗМОЛЛ,7385440900064685,Card,Бабл чай Остров манго,false,1,400,,false,0,8936,false
2026-03-01T13:16:00.730Z,2026-03-01,ОЗМОЛЛ,7385440900064685,Card,Бабл-чай Мятное яблоко,false,1,350,,false,0,8935,false
2026-03-01T12:27:18.919Z,2026-03-01,ОЗМОЛЛ,7385440900064685,Card,Капучино,false,1,250,,false,0,8934,false
2026-03-01T11:55:46.789Z,2026-03-01,ОЗМОЛЛ,7385440900064685,Card,Моти сливочный,false,1,250,,false,0,8933,false
2026-03-01T11:54:28.907Z,2026-03-01,ОЗМОЛЛ,7385440900064685,Card,Капучино,false,2,500,,false,0,8932,false
2026-03-01T11:37:17.826Z,2026-03-01,ОЗМОЛЛ,7385440900064685,Card,Банановая матча Коктейль,false,1,450,,false,0,8931,false
2026-03-01T11:37:17.826Z,2026-03-01,ОЗМОЛЛ,7385440900064685,Card,Тирамису кофе,false,1,350,,false,0,8931,false
2026-03-25T21:51:32.436Z,2026-03-25,ОЗМОЛЛ,7385440900064685,Non-Fiscal,Списание- Чай Ричард 100мл,false,7.471,0.004000000000001336,списание,false,29.88,9782,false
2026-03-25T21:49:33.859Z,2026-03-25,ОЗМОЛЛ,7385440900064685,Non-Fiscal,Списание- Чай жасмин 100мл,false,7.534,0.003999999999997783,списание,false,45.2,9781,false
2026-03-25T21:45:06.924Z,2026-03-25,ОЗМОЛЛ,7385440900064685,Non-Fiscal,Списание- Тапиока 50 гр,false,1,0,списание,false,600,9778,false
2026-03-25T20:35:42.067Z,2026-03-25,ОЗМОЛЛ,7385440900064685,Card,Мармеладный мишка лимонад (шарики не включены),false,1,350,,false,0,9773,false
2026-03-25T20:35:42.067Z,2026-03-25,ОЗМОЛЛ,7385440900064685,Card,Порция тапиоки,false,1,40,,false,0,9773,true
2026-03-25T20:35:42.067Z,2026-03-25,ОЗМОЛЛ,7385440900064685,Card,Тигр карамельный Коктейль (шарики не включены),false,2,640,,false,0,9773,false
2026-03-25T20:35:42.067Z,2026-03-25,ОЗМОЛЛ,7385440900064685,Card,Порция тапиоки,false,2,80,,false,0,9773,true
2026-03-25T20:35:42.067Z,2026-03-25,ОЗМОЛЛ,7385440900064685,Card,Айс Латте Соленая Карамель (шарики не включены),false,1,320,,false,0,9773,false
2026-03-25T20:35:42.067Z,2026-03-25,ОЗМОЛЛ,7385440900064685,Card,Порция тапиоки,false,1,40,,false,0,9773,true
2026-03-25T20:25:29.016Z,2026-03-25,ОЗМОЛЛ,7385440900064685,Card,Единорожек Коктейль (шарики не включены),false,1,350,,false,0,9772,false
2026-03-25T20:11:31.687Z,2026-03-25,ОЗМОЛЛ,7385440900064685,Card,Корн-дог 50/50,false,1,400,,false,0,9771,false
2026-03-25T18:59:55.755Z,2026-03-25,ОЗМОЛЛ,7385440900064685,Non-Fiscal,Списание- Тапиока 50 гр,false,4,0,списание,false,2400,9770,false
2026-03-25T18:34:12.935Z,2026-03-25,ОЗМОЛЛ,7385440900064685,Card,Айс Латте Малина (шарики не включены),false,1,320,,false,0,9767,false
2026-03-25T18:22:04.714Z,2026-03-25,ОЗМОЛЛ,7385440900064685,Card,Принцесса Персиков Коктейль (шарики не включены),false,1,350,,false,0,9766,false
2026-03-25T16:57:46.571Z,2026-03-25,ОЗМОЛЛ,7385440900064685,Card,Вишневая кислинка Лимонад (шарики не включены),false,1,350,,false,0,9765,false
2026-03-25T16:57:46.571Z,2026-03-25,ОЗМОЛЛ,7385440900064685,Card,Порция джус боллов (не тапиока),false,1,40,,false,0,9765,true
2026-03-25T16:49:25.076Z,2026-03-25,ОЗМОЛЛ,7385440900064685,Card,Вишневая кислинка Лимонад (шарики не включены),false,1,350,,false,0,9764,false
2026-03-25T16:49:25.076Z,2026-03-25,ОЗМОЛЛ,7385440900064685,Card,Порция джус боллов (не тапиока),false,1,40,,false,0,9764,true
2026-03-25T16:49:25.076Z,2026-03-25,ОЗМОЛЛ,7385440900064685,Card,Вишневая кислинка Лимонад (шарики не включены),false,1,350,,false,0,9764,false
2026-03-25T16:49:25.076Z,2026-03-25,ОЗМОЛЛ,7385440900064685,Card,Порция джус боллов (не тапиока),false,1,40,,false,0,9764,true
2026-03-25T16:42:32.141Z,2026-03-25,ОЗМОЛЛ,7385440900064685,Card,Блинчики с нутеллой (2шт),false,1,250,,false,0,9763,false
2026-03-25T15:52:59.103Z,2026-03-25,ОЗМОЛЛ,7385440900064685,Card,Принцесса Персиков Коктейль (шарики не включены),false,1,350,,false,0,9762,false
2026-03-25T15:52:59.103Z,2026-03-25,ОЗМОЛЛ,7385440900064685,Card,Малина-банан Коктейль (шарики не включены),false,1,320,,false,0,9762,false
2026-03-25T15:46:34.320Z,2026-03-25,ОЗМОЛЛ,7385440900064685,Card,Банановая матча Коктейль (шарики не включены),false,1,200,Вероника,false,200,9761,false
2026-03-25T15:32:17.632Z,2026-03-25,ОЗМОЛЛ,7385440900064685,Non-Fiscal,Списание- Тапиока 50 гр,false,2,0,списание,false,1200,9759,false
2026-03-25T15:26:04.606Z,2026-03-25,ОЗМОЛЛ,7385440900064685,Non-Fiscal,Списание- Тапиока 50 гр,false,3,0,списание,false,1800,9758,false
2026-03-25T15:26:04.606Z,2026-03-25,ОЗМОЛЛ,7385440900064685,Non-Fiscal,Списание- Чай жасмин 100мл,false,1,0,списание,false,6,9758,false
2026-03-25T15:26:04.606Z,2026-03-25,ОЗМОЛЛ,7385440900064685,Non-Fiscal,Списание- Чай Ричард 100мл,false,1,0,списание,false,4,9758,false
2026-03-25T15:25:10.468Z,2026-03-25,ОЗМОЛЛ,7385440900064685,Unknown,Списание- Тапиока 50 гр,true,-3,0,списание,false,1800,9757,false
2026-03-25T15:23:14.533Z,2026-03-25,ОЗМОЛЛ,7385440900064685,Unknown,Списание- Чай жасмин 100мл,true,-7.329,-0.003999999999997783,списание,false,43.97,9756,false
2026-03-25T15:16:14.016Z,2026-03-25,ОЗМОЛЛ,7385440900064685,Unknown,Списание- Чай Ричард 100мл,true,-7.853,-0.0019999999999988916,списание,false,31.41,9755,false
2026-03-25T14:31:49.455Z,2026-03-25,ОЗМОЛЛ,7385440900064685,Card,Малина-банан Коктейль (шарики не включены),false,1,320,,false,0,9752,false
2026-03-25T14:31:49.455Z,2026-03-25,ОЗМОЛЛ,7385440900064685,Card,Порция тапиоки,false,1,40,,false,0,9752,true
2026-03-25T13:34:09.693Z,2026-03-25,ОЗМОЛЛ,7385440900064685,Cash,Капучино (шарики не включены),false,1,250,,false,0,9751,false
2026-03-25T13:23:18.968Z,2026-03-25,ОЗМОЛЛ,7385440900064685,Card,Капучино (шарики не включены),false,1,250,,false,0,9749,false
2026-03-25T13:23:18.968Z,2026-03-25,ОЗМОЛЛ,7385440900064685,Card,Безлатнозное коровье молоко (Пармалат),false,1,100,,false,0,9749,true
2026-03-25T13:20:07.868Z,2026-03-25,ОЗМОЛЛ,7385440900064685,Card,Банановая матча Коктейль (шарики не включены),false,1,400,,false,0,9748,false
2026-03-25T13:20:07.868Z,2026-03-25,ОЗМОЛЛ,7385440900064685,Card,Безлатнозное коровье молоко (Пармалат),false,1,100,,false,0,9748,true
2026-03-25T13:20:07.868Z,2026-03-25,ОЗМОЛЛ,7385440900064685,Card,Шоко-банан Коктейль (шарики не включены),false,1,400,,false,0,9748,false
2026-03-25T13:20:07.868Z,2026-03-25,ОЗМОЛЛ,7385440900064685,Card,Порция тапиоки,false,1,50,,false,0,9748,true
2026-03-25T13:20:07.868Z,2026-03-25,ОЗМОЛЛ,7385440900064685,Card,Корн-дог 50/50,false,2,800,,false,0,9748,false
2026-03-25T11:22:20.194Z,2026-03-25,ОЗМОЛЛ,7385440900064685,Card,Айс Латте Соленая Карамель (шарики не включены),false,1,320,,false,0,9747,false
2026-03-25T11:22:20.194Z,2026-03-25,ОЗМОЛЛ,7385440900064685,Card,Порция тапиоки,false,1,40,,false,0,9747,true
2026-03-25T11:06:02.622Z,2026-03-25,ОЗМОЛЛ,7385440900064685,Card,Раф кокос (шарики не включены),false,1,320,,false,0,9746,false
2026-03-24T21:35:44.706Z,2026-03-24,ОЗМОЛЛ,7385440900064685,Unknown,Списание- Чай Ричард 100мл,false,7.853,0.0019999999999988916,списание,false,31.41,9741,false
2026-03-24T21:33:14.398Z,2026-03-24,ОЗМОЛЛ,7385440900064685,Unknown,Списание- Чай жасмин 100мл,false,7.329,0.003999999999997783,списание,false,43.97,9740,false
2026-03-24T21:31:59.854Z,2026-03-24,ОЗМОЛЛ,7385440900064685,Unknown,Списание- Тапиока 50 гр,false,3,0,списание,false,1800,9739,false
2026-03-24T20:32:10.048Z,2026-03-24,ОЗМОЛЛ,7385440900064685,Card,Айс Латте Соленая Карамель (шарики не включены),false,1,320,,false,0,9738,false
2026-03-24T20:32:10.048Z,2026-03-24,ОЗМОЛЛ,7385440900064685,Card,Порция тапиоки,false,1,40,,false,0,9738,true
2026-03-24T20:22:56.255Z,2026-03-24,ОЗМОЛЛ,7385440900064685,Card,Айс Латте Малина (шарики не включены),false,1,320,,false,0,9737,false
2026-03-24T20:14:17.496Z,2026-03-24,ОЗМОЛЛ,7385440900064685,Card,Айс Латте лаванда (шарики не включены),false,1,160,Вероника,false,160,9736,false
2026-03-24T19:20:05.497Z,2026-03-24,ОЗМОЛЛ,7385440900064685,Unknown,Списание- Тапиока 50 гр,false,3,0,списание,false,1800,9735,false
2026-03-24T19:13:07.606Z,2026-03-24,ОЗМОЛЛ,7385440900064685,Card,Принцесса Персиков Коктейль (шарики не включены),false,1,350,,false,0,9734,false
2026-03-24T19:13:07.606Z,2026-03-24,ОЗМОЛЛ,7385440900064685,Card,Порция тапиоки,false,1,40,,false,0,9734,true
2026-03-24T18:01:30.683Z,2026-03-24,ОЗМОЛЛ,7385440900064685,Card,Моти Лесные ягоды,false,1,250,,false,0,9732,false
2026-03-24T17:02:03.674Z,2026-03-24,ОЗМОЛЛ,7385440900064685,Card,Айс Латте Малина (шарики не включены),false,1,256,,false,64,9731,false
2026-03-24T17:02:03.674Z,2026-03-24,ОЗМОЛЛ,7385440900064685,Card,Порция тапиоки,false,1,32,,false,8,9731,true
2026-03-24T16:45:01.429Z,2026-03-24,ОЗМОЛЛ,7385440900064685,Card,Бабл айс-ти Малина (чай) (шарики не включены),false,1,300,,false,0,9724,false
2026-03-24T16:45:01.429Z,2026-03-24,ОЗМОЛЛ,7385440900064685,Card,Порция тапиоки,false,1,40,,false,0,9724,true
2026-03-24T16:07:55.863Z,2026-03-24,ОЗМОЛЛ,7385440900064685,Card,Малина-банан Коктейль (шарики не включены),false,1,320,,false,0,9723,false
2026-03-24T16:07:55.863Z,2026-03-24,ОЗМОЛЛ,7385440900064685,Card,Порция тапиоки,false,1,40,,false,0,9723,true
2026-03-24T16:07:55.863Z,2026-03-24,ОЗМОЛЛ,7385440900064685,Card,Малиновый закат лимонад (шарики не включены),false,1,320,,false,0,9723,false
2026-03-24T16:07:55.863Z,2026-03-24,ОЗМОЛЛ,7385440900064685,Card,Порция тапиоки,false,1,40,,false,0,9723,true
2026-03-24T15:58:37.907Z,2026-03-24,ОЗМОЛЛ,7385440900064685,Unknown,Списание- Тапиока 50 гр,false,5,0,списание,false,3000,9722,false
2026-03-24T15:52:15.490Z,2026-03-24,ОЗМОЛЛ,7385440900064685,Card,Айс Латте Соленая Карамель (шарики не включены),false,1,320,,false,0,9721,false
2026-03-24T15:38:20.126Z,2026-03-24,ОЗМОЛЛ,7385440900064685,Card,Вишневая кислинка Лимонад (шарики не включены),false,1,350,,false,0,9718,false
2026-03-24T15:38:20.126Z,2026-03-24,ОЗМОЛЛ,7385440900064685,Card,Порция тапиоки,false,1,40,,false,0,9718,true
2026-03-24T15:14:09.328Z,2026-03-24,ОЗМОЛЛ,7385440900064685,Card,Бабл-чай Соленая карамель (шарики не включены),false,1,350,,false,0,9715,false
2026-03-24T15:12:01.133Z,2026-03-24,ОЗМОЛЛ,7385440900064685,Card,Капучино (шарики не включены),false,1,250,,false,0,9714,false
2026-03-24T14:56:24.349Z,2026-03-24,ОЗМОЛЛ,7385440900064685,Card,Латте (шарики не включены),false,1,250,,false,0,9713,false
2026-03-24T13:18:07.914Z,2026-03-24,ОЗМОЛЛ,7385440900064685,Card,Тигр карамельный Коктейль (шарики не включены),false,1,320,,false,0,9712,false
2026-03-23T21:50:58.429Z,2026-03-23,ОЗМОЛЛ,7385440900064685,Non-Fiscal,Списание- Тапиока 50 гр,false,6,0,Списание,false,3600,9709,false
2026-03-23T21:47:39.610Z,2026-03-23,ОЗМОЛЛ,7385440900064685,Non-Fiscal,Списание- Чай Ричард 100мл,false,7,0,Списание,false,28,9708,false
2026-03-23T21:46:16.860Z,2026-03-23,ОЗМОЛЛ,7385440900064685,Non-Fiscal,Списание- Чай жасмин 100мл,false,7,0,Списание,false,42,9707,false
2026-03-23T18:57:23.357Z,2026-03-23,ОЗМОЛЛ,7385440900064685,Non-Fiscal,Списание- Тапиока 50 гр,false,5,0,Списание,false,3000,9706,false
2026-03-23T18:51:39.865Z,2026-03-23,ОЗМОЛЛ,7385440900064685,Unknown,Списание- Тапиока 50 гр,true,-5,0,списание,false,3000,9703,false
2026-03-23T18:17:37.927Z,2026-03-23,ОЗМОЛЛ,7385440900064685,Card,Красный дракон лимонад (шарики не включены),false,1,320,,false,0,9700,false
